Command line invocation:
    /Applications/Xcode_26.6.app/Contents/Developer/usr/bin/xcodebuild test -project ios/App/App.xcodeproj -scheme StoreCapture -configuration Debug -destination "platform=iOS Simulator,id=B385244C-CB83-424B-92FD-32C1867E3F14" -resultBundlePath /Users/runner/work/_temp/capture.xcresult CODE_SIGNING_ALLOWED=NO

Build settings from command line:
    CODE_SIGNING_ALLOWED = NO

Resolve Package Graph

Fetching from https://github.com/ionic-team/capacitor-swift-pm.git

Fetching from https://github.com/ionic-team/ion-ios-filesystem.git

Creating working copy of package ‘ion-ios-filesystem’

Checking out 1.1.4 of package ‘ion-ios-filesystem’

Creating working copy of package ‘capacitor-swift-pm’

Checking out 8.5.1 of package ‘capacitor-swift-pm’


Resolved source packages:
  CapacitorShare: /Users/runner/work/Voro/Voro/node_modules/@capacitor/share @ local
  CapacitorFilesystem: /Users/runner/work/Voro/Voro/node_modules/@capacitor/filesystem @ local
  IONFilesystemLib: https://github.com/ionic-team/ion-ios-filesystem.git @ 1.1.4
  capacitor-swift-pm: https://github.com/ionic-team/capacitor-swift-pm.git @ 8.5.1
  CapApp-SPM: /Users/runner/work/Voro/Voro/ios/App/CapApp-SPM @ local

Writing result bundle at path:
	/Users/runner/work/_temp/capture.xcresult

--- xcodebuild: WARNING: Using the first of multiple matching destinations:
{ platform:iOS Simulator, arch:arm64, id:B385244C-CB83-424B-92FD-32C1867E3F14, OS:26.4.1, name:iPad Pro 13-inch (M5) }
{ platform:iOS Simulator, arch:x86_64, id:B385244C-CB83-424B-92FD-32C1867E3F14, OS:26.4.1, name:iPad Pro 13-inch (M5) }
ComputePackagePrebuildTargetDependencyGraph

Prepare packages

CreateBuildRequest

SendProjectDescription

CreateBuildOperation

ComputeTargetDependencyGraph
note: Building targets in dependency order
note: Target dependency graph (12 targets)
    Target 'StoreCapture' in project 'App'
        ➜ Explicit dependency on target 'App' in project 'App'
    Target 'App' in project 'App'
        ➜ Explicit dependency on target 'CapApp-SPM' in project 'CapApp-SPM'
    Target 'CapApp-SPM' in project 'CapApp-SPM'
        ➜ Explicit dependency on target 'CapApp-SPM' in project 'CapApp-SPM'
        ➜ Explicit dependency on target 'Capacitor' in project 'capacitor-swift-pm'
        ➜ Explicit dependency on target 'Cordova' in project 'capacitor-swift-pm'
        ➜ Explicit dependency on target 'CapacitorFilesystem' in project 'CapacitorFilesystem'
        ➜ Explicit dependency on target 'CapacitorShare' in project 'CapacitorShare'
    Target 'CapApp-SPM' in project 'CapApp-SPM'
        ➜ Explicit dependency on target 'Capacitor' in project 'capacitor-swift-pm'
        ➜ Explicit dependency on target 'Cordova' in project 'capacitor-swift-pm'
        ➜ Explicit dependency on target 'CapacitorFilesystem' in project 'CapacitorFilesystem'
        ➜ Explicit dependency on target 'CapacitorShare' in project 'CapacitorShare'
    Target 'CapacitorShare' in project 'CapacitorShare'
        ➜ Explicit dependency on target 'SharePlugin' in project 'CapacitorShare'
        ➜ Explicit dependency on target 'Capacitor' in project 'capacitor-swift-pm'
        ➜ Explicit dependency on target 'Cordova' in project 'capacitor-swift-pm'
    Target 'SharePlugin' in project 'CapacitorShare'
        ➜ Explicit dependency on target 'Capacitor' in project 'capacitor-swift-pm'
        ➜ Explicit dependency on target 'Cordova' in project 'capacitor-swift-pm'
    Target 'CapacitorFilesystem' in project 'CapacitorFilesystem'
        ➜ Explicit dependency on target 'FilesystemPlugin' in project 'CapacitorFilesystem'
        ➜ Explicit dependency on target 'Capacitor' in project 'capacitor-swift-pm'
        ➜ Explicit dependency on target 'Cordova' in project 'capacitor-swift-pm'
        ➜ Explicit dependency on target 'IONFilesystemLib' in project 'IONFilesystemLib'
    Target 'FilesystemPlugin' in project 'CapacitorFilesystem'
        ➜ Explicit dependency on target 'Capacitor' in project 'capacitor-swift-pm'
        ➜ Explicit dependency on target 'Cordova' in project 'capacitor-swift-pm'
        ➜ Explicit dependency on target 'IONFilesystemLib' in project 'IONFilesystemLib'
    Target 'IONFilesystemLib' in project 'IONFilesystemLib'
        ➜ Explicit dependency on target 'IONFilesystemLib' in project 'IONFilesystemLib'
    Target 'IONFilesystemLib' in project 'IONFilesystemLib' (no dependencies)
    Target 'Cordova' in project 'capacitor-swift-pm' (no dependencies)
    Target 'Capacitor' in project 'capacitor-swift-pm' (no dependencies)

GatherProvisioningInputs

CreateBuildDescription

ExecuteExternalTool /Applications/Xcode_26.6.app/Contents/Developer/Toolchains/XcodeDefault.xctoolchain/usr/bin/swiftc --version

ExecuteExternalTool /Applications/Xcode_26.6.app/Contents/Developer/usr/bin/ibtool --version --output-format xml1

ExecuteExternalTool /Applications/Xcode_26.6.app/Contents/Developer/usr/bin/actool --print-asset-tag-combinations --output-format xml1 /Users/runner/work/Voro/Voro/ios/App/App/Assets.xcassets

ExecuteExternalTool /Applications/Xcode_26.6.app/Contents/Developer/Toolchains/XcodeDefault.xctoolchain/usr/bin/clang -v -E -dM -isysroot /Applications/Xcode_26.6.app/Contents/Developer/Platforms/iPhoneSimulator.platform/Developer/SDKs/iPhoneSimulator26.5.sdk -x c -c /dev/null

ExecuteExternalTool /Applications/Xcode_26.6.app/Contents/Developer/Toolchains/XcodeDefault.xctoolchain/usr/bin/ld -version_details

ExecuteExternalTool /Applications/Xcode_26.6.app/Contents/Developer/usr/bin/actool --version --output-format xml1

Build description signature: 22fccc6949b34d6e091802090dc6382a
Build description path: /Users/runner/Library/Developer/Xcode/DerivedData/App-dlkunlcngirvvbbbeqpgwvdlhlcp/Build/Intermediates.noindex/XCBuildData/22fccc6949b34d6e091802090dc6382a.xcbuilddata
CreateBuildDirectory /Users/runner/Library/Developer/Xcode/DerivedData/App-dlkunlcngirvvbbbeqpgwvdlhlcp/Build/Products
    cd /Users/runner/work/Voro/Voro/ios/App/App.xcodeproj
    builtin-create-build-directory /Users/runner/Library/Developer/Xcode/DerivedData/App-dlkunlcngirvvbbbeqpgwvdlhlcp/Build/Products

CreateBuildDirectory /Users/runner/Library/Developer/Xcode/DerivedData/App-dlkunlcngirvvbbbeqpgwvdlhlcp/Build/Intermediates.noindex
    cd /Users/runner/work/Voro/Voro/ios/App/App.xcodeproj
    builtin-create-build-directory /Users/runner/Library/Developer/Xcode/DerivedData/App-dlkunlcngirvvbbbeqpgwvdlhlcp/Build/Intermediates.noindex

ClangStatCache /Applications/Xcode_26.6.app/Contents/Developer/Toolchains/XcodeDefault.xctoolchain/usr/bin/clang-stat-cache /Applications/Xcode_26.6.app/Contents/Developer/Platforms/iPhoneSimulator.platform/Developer/SDKs/iPhoneSimulator26.5.sdk /Users/runner/Library/Developer/Xcode/DerivedData/SDKStatCaches.noindex/iphonesimulator26.5-23F81a-688ef53f1462e2c8f657fdc38a81448ff45c64a1807a658693f2a61704f17a36.sdkstatcache
    cd /Users/runner/work/Voro/Voro/ios/App/App.xcodeproj
    /Applications/Xcode_26.6.app/Contents/Developer/Toolchains/XcodeDefault.xctoolchain/usr/bin/clang-stat-cache /Applications/Xcode_26.6.app/Contents/Developer/Platforms/iPhoneSimulator.platform/Developer/SDKs/iPhoneSimulator26.5.sdk -o /Users/runner/Library/Developer/Xcode/DerivedData/SDKStatCaches.noindex/iphonesimulator26.5-23F81a-688ef53f1462e2c8f657fdc38a81448ff45c64a1807a658693f2a61704f17a36.sdkstatcache

WriteAuxiliaryFile /Users/runner/Library/Developer/Xcode/DerivedData/App-dlkunlcngirvvbbbeqpgwvdlhlcp/Build/Intermediates.noindex/App.build/Debug-iphonesimulator/App-0ca3007d900a678c2b4d53418799ee3d-VFS-iphonesimulator/all-product-headers.yaml
    cd /Users/runner/work/Voro/Voro/ios/App/App.xcodeproj
    write-file /Users/runner/Library/Developer/Xcode/DerivedData/App-dlkunlcngirvvbbbeqpgwvdlhlcp/Build/Intermediates.noindex/App.build/Debug-iphonesimulator/App-0ca3007d900a678c2b4d53418799ee3d-VFS-iphonesimulator/all-product-headers.yaml

CreateBuildDirectory /Users/runner/Library/Developer/Xcode/DerivedData/App-dlkunlcngirvvbbbeqpgwvdlhlcp/Build/Products/Debug-iphonesimulator
    cd /Users/runner/work/Voro/Voro/ios/App/App.xcodeproj
    builtin-create-build-directory /Users/runner/Library/Developer/Xcode/DerivedData/App-dlkunlcngirvvbbbeqpgwvdlhlcp/Build/Products/Debug-iphonesimulator

CreateBuildDirectory /Users/runner/Library/Developer/Xcode/DerivedData/App-dlkunlcngirvvbbbeqpgwvdlhlcp/Build/Intermediates.noindex/SwiftExplicitPrecompiledModules
    cd /Users/runner/work/Voro/Voro/ios/App/App.xcodeproj
    builtin-create-build-directory /Users/runner/Library/Developer/Xcode/DerivedData/App-dlkunlcngirvvbbbeqpgwvdlhlcp/Build/Intermediates.noindex/SwiftExplicitPrecompiledModules

CreateBuildDirectory /Users/runner/Library/Developer/Xcode/DerivedData/App-dlkunlcngirvvbbbeqpgwvdlhlcp/Build/Intermediates.noindex/ExplicitPrecompiledModules
    cd /Users/runner/work/Voro/Voro/ios/App/App.xcodeproj
    builtin-create-build-directory /Users/runner/Library/Developer/Xcode/DerivedData/App-dlkunlcngirvvbbbeqpgwvdlhlcp/Build/Intermediates.noindex/ExplicitPrecompiledModules

CreateBuildDirectory /Users/runner/Library/Developer/Xcode/DerivedData/App-dlkunlcngirvvbbbeqpgwvdlhlcp/Build/Intermediates.noindex/EagerLinkingTBDs/Debug-iphonesimulator
    cd /Users/runner/work/Voro/Voro/ios/App/App.xcodeproj
    builtin-create-build-directory /Users/runner/Library/Developer/Xcode/DerivedData/App-dlkunlcngirvvbbbeqpgwvdlhlcp/Build/Intermediates.noindex/EagerLinkingTBDs/Debug-iphonesimulator

CreateBuildDirectory /Users/runner/Library/Developer/Xcode/DerivedData/App-dlkunlcngirvvbbbeqpgwvdlhlcp/Build/Products/Debug-iphonesimulator/PackageFrameworks
    cd /Users/runner/work/Voro/Voro/ios/App/App.xcodeproj
    builtin-create-build-directory /Users/runner/Library/Developer/Xcode/DerivedData/App-dlkunlcngirvvbbbeqpgwvdlhlcp/Build/Products/Debug-iphonesimulator/PackageFrameworks

WriteAuxiliaryFile /Users/runner/Library/Developer/Xcode/DerivedData/App-dlkunlcngirvvbbbeqpgwvdlhlcp/Build/Intermediates.noindex/App.build/Debug-iphonesimulator/StoreCapture.build/empty-StoreCapture.plist (in target 'StoreCapture' from project 'App')
    cd /Users/runner/work/Voro/Voro/ios/App
    write-file /Users/runner/Library/Developer/Xcode/DerivedData/App-dlkunlcngirvvbbbeqpgwvdlhlcp/Build/Intermediates.noindex/App.build/Debug-iphonesimulator/StoreCapture.build/empty-StoreCapture.plist

WriteAuxiliaryFile /Users/runner/Library/Developer/Xcode/DerivedData/App-dlkunlcngirvvbbbeqpgwvdlhlcp/Build/Intermediates.noindex/App.build/Debug-iphonesimulator/StoreCapture.build/StoreCapture.hmap (in target 'StoreCapture' from project 'App')
    cd /Users/runner/work/Voro/Voro/ios/App
    write-file /Users/runner/Library/Developer/Xcode/DerivedData/App-dlkunlcngirvvbbbeqpgwvdlhlcp/Build/Intermediates.noindex/App.build/Debug-iphonesimulator/StoreCapture.build/StoreCapture.hmap

WriteAuxiliaryFile /Users/runner/Library/Developer/Xcode/DerivedData/App-dlkunlcngirvvbbbeqpgwvdlhlcp/Build/Intermediates.noindex/App.build/Debug-iphonesimulator/StoreCapture.build/StoreCapture.DependencyStaticMetadataFileList (in target 'StoreCapture' from project 'App')
    cd /Users/runner/work/Voro/Voro/ios/App
    write-file /Users/runner/Library/Developer/Xcode/DerivedData/App-dlkunlcngirvvbbbeqpgwvdlhlcp/Build/Intermediates.noindex/App.build/Debug-iphonesimulator/StoreCapture.build/StoreCapture.DependencyStaticMetadataFileList

WriteAuxiliaryFile /Users/runner/Library/Developer/Xcode/DerivedData/App-dlkunlcngirvvbbbeqpgwvdlhlcp/Build/Intermediates.noindex/App.build/Debug-iphonesimulator/StoreCapture.build/StoreCapture.DependencyMetadataFileList (in target 'StoreCapture' from project 'App')
    cd /Users/runner/work/Voro/Voro/ios/App
    write-file /Users/runner/Library/Developer/Xcode/DerivedData/App-dlkunlcngirvvbbbeqpgwvdlhlcp/Build/Intermediates.noindex/App.build/Debug-iphonesimulator/StoreCapture.build/StoreCapture.DependencyMetadataFileList

WriteAuxiliaryFile /Users/runner/Library/Developer/Xcode/DerivedData/App-dlkunlcngirvvbbbeqpgwvdlhlcp/Build/Intermediates.noindex/App.build/Debug-iphonesimulator/StoreCapture.build/StoreCapture-project-headers.hmap (in target 'StoreCapture' from project 'App')
    cd /Users/runner/work/Voro/Voro/ios/App
    write-file /Users/runner/Library/Developer/Xcode/DerivedData/App-dlkunlcngirvvbbbeqpgwvdlhlcp/Build/Intermediates.noindex/App.build/Debug-iphonesimulator/StoreCapture.build/StoreCapture-project-headers.hmap

WriteAuxiliaryFile /Users/runner/Library/Developer/Xcode/DerivedData/App-dlkunlcngirvvbbbeqpgwvdlhlcp/Build/Intermediates.noindex/App.build/Debug-iphonesimulator/StoreCapture.build/StoreCapture-own-target-headers.hmap (in target 'StoreCapture' from project 'App')
    cd /Users/runner/work/Voro/Voro/ios/App
    write-file /Users/runner/Library/Developer/Xcode/DerivedData/App-dlkunlcngirvvbbbeqpgwvdlhlcp/Build/Intermediates.noindex/App.build/Debug-iphonesimulator/StoreCapture.build/StoreCapture-own-target-headers.hmap

WriteAuxiliaryFile /Users/runner/Library/Developer/Xcode/DerivedData/App-dlkunlcngirvvbbbeqpgwvdlhlcp/Build/Intermediates.noindex/App.build/Debug-iphonesimulator/StoreCapture.build/StoreCapture-generated-files.hmap (in target 'StoreCapture' from project 'App')
    cd /Users/runner/work/Voro/Voro/ios/App
    write-file /Users/runner/Library/Developer/Xcode/DerivedData/App-dlkunlcngirvvbbbeqpgwvdlhlcp/Build/Intermediates.noindex/App.build/Debug-iphonesimulator/StoreCapture.build/StoreCapture-generated-files.hmap

WriteAuxiliaryFile /Users/runner/Library/Developer/Xcode/DerivedData/App-dlkunlcngirvvbbbeqpgwvdlhlcp/Build/Intermediates.noindex/App.build/Debug-iphonesimulator/StoreCapture.build/StoreCapture-all-target-headers.hmap (in target 'StoreCapture' from project 'App')
    cd /Users/runner/work/Voro/Voro/ios/App
    write-file /Users/runner/Library/Developer/Xcode/DerivedData/App-dlkunlcngirvvbbbeqpgwvdlhlcp/Build/Intermediates.noindex/App.build/Debug-iphonesimulator/StoreCapture.build/StoreCapture-all-target-headers.hmap

WriteAuxiliaryFile /Users/runner/Library/Developer/Xcode/DerivedData/App-dlkunlcngirvvbbbeqpgwvdlhlcp/Build/Intermediates.noindex/App.build/Debug-iphonesimulator/StoreCapture.build/StoreCapture-all-non-framework-target-headers.hmap (in target 'StoreCapture' from project 'App')
    cd /Users/runner/work/Voro/Voro/ios/App
    write-file /Users/runner/Library/Developer/Xcode/DerivedData/App-dlkunlcngirvvbbbeqpgwvdlhlcp/Build/Intermediates.noindex/App.build/Debug-iphonesimulator/StoreCapture.build/StoreCapture-all-non-framework-target-headers.hmap

WriteAuxiliaryFile /Users/runner/Library/Developer/Xcode/DerivedData/App-dlkunlcngirvvbbbeqpgwvdlhlcp/Build/Intermediates.noindex/App.build/Debug-iphonesimulator/StoreCapture.build/ProductTypeInfoPlistAdditions.plist (in target 'StoreCapture' from project 'App')
    cd /Users/runner/work/Voro/Voro/ios/App
    write-file /Users/runner/Library/Developer/Xcode/DerivedData/App-dlkunlcngirvvbbbeqpgwvdlhlcp/Build/Intermediates.noindex/App.build/Debug-iphonesimulator/StoreCapture.build/ProductTypeInfoPlistAdditions.plist

WriteAuxiliaryFile /Users/runner/Library/Developer/Xcode/DerivedData/App-dlkunlcngirvvbbbeqpgwvdlhlcp/Build/Intermediates.noindex/App.build/Debug-iphonesimulator/StoreCapture.build/Objects-normal/arm64/StoreCapture_const_extract_protocols.json (in target 'StoreCapture' from project 'App')
    cd /Users/runner/work/Voro/Voro/ios/App
    write-file /Users/runner/Library/Developer/Xcode/DerivedData/App-dlkunlcngirvvbbbeqpgwvdlhlcp/Build/Intermediates.noindex/App.build/Debug-iphonesimulator/StoreCapture.build/Objects-normal/arm64/StoreCapture_const_extract_protocols.json

WriteAuxiliaryFile /Users/runner/Library/Developer/Xcode/DerivedData/App-dlkunlcngirvvbbbeqpgwvdlhlcp/Build/Intermediates.noindex/App.build/Debug-iphonesimulator/StoreCapture.build/Objects-normal/arm64/StoreCapture.SwiftFileList (in target 'StoreCapture' from project 'App')
    cd /Users/runner/work/Voro/Voro/ios/App
    write-file /Users/runner/Library/Developer/Xcode/DerivedData/App-dlkunlcngirvvbbbeqpgwvdlhlcp/Build/Intermediates.noindex/App.build/Debug-iphonesimulator/StoreCapture.build/Objects-normal/arm64/StoreCapture.SwiftFileList

WriteAuxiliaryFile /Users/runner/Library/Developer/Xcode/DerivedData/App-dlkunlcngirvvbbbeqpgwvdlhlcp/Build/Intermediates.noindex/App.build/Debug-iphonesimulator/StoreCapture.build/Objects-normal/arm64/StoreCapture.SwiftConstValuesFileList (in target 'StoreCapture' from project 'App')
    cd /Users/runner/work/Voro/Voro/ios/App
    write-file /Users/runner/Library/Developer/Xcode/DerivedData/App-dlkunlcngirvvbbbeqpgwvdlhlcp/Build/Intermediates.noindex/App.build/Debug-iphonesimulator/StoreCapture.build/Objects-normal/arm64/StoreCapture.SwiftConstValuesFileList

WriteAuxiliaryFile /Users/runner/Library/Developer/Xcode/DerivedData/App-dlkunlcngirvvbbbeqpgwvdlhlcp/Build/Intermediates.noindex/App.build/Debug-iphonesimulator/StoreCapture.build/Objects-normal/arm64/StoreCapture.LinkFileList (in target 'StoreCapture' from project 'App')
    cd /Users/runner/work/Voro/Voro/ios/App
    write-file /Users/runner/Library/Developer/Xcode/DerivedData/App-dlkunlcngirvvbbbeqpgwvdlhlcp/Build/Intermediates.noindex/App.build/Debug-iphonesimulator/StoreCapture.build/Objects-normal/arm64/StoreCapture.LinkFileList

WriteAuxiliaryFile /Users/runner/Library/Developer/Xcode/DerivedData/App-dlkunlcngirvvbbbeqpgwvdlhlcp/Build/Intermediates.noindex/App.build/Debug-iphonesimulator/StoreCapture.build/Objects-normal/arm64/StoreCapture-OutputFileMap.json (in target 'StoreCapture' from project 'App')
    cd /Users/runner/work/Voro/Voro/ios/App
    write-file /Users/runner/Library/Developer/Xcode/DerivedData/App-dlkunlcngirvvbbbeqpgwvdlhlcp/Build/Intermediates.noindex/App.build/Debug-iphonesimulator/StoreCapture.build/Objects-normal/arm64/StoreCapture-OutputFileMap.json

WriteAuxiliaryFile /Users/runner/Library/Developer/Xcode/DerivedData/App-dlkunlcngirvvbbbeqpgwvdlhlcp/Build/Intermediates.noindex/IONFilesystemLib.build/Debug-iphonesimulator/IONFilesystemLib.build/Objects-normal/arm64/IONFilesystemLib_const_extract_protocols.json (in target 'IONFilesystemLib' from project 'IONFilesystemLib')
    cd /Users/runner/Library/Developer/Xcode/DerivedData/App-dlkunlcngirvvbbbeqpgwvdlhlcp/SourcePackages/checkouts/ion-ios-filesystem
    write-file /Users/runner/Library/Developer/Xcode/DerivedData/App-dlkunlcngirvvbbbeqpgwvdlhlcp/Build/Intermediates.noindex/IONFilesystemLib.build/Debug-iphonesimulator/IONFilesystemLib.build/Objects-normal/arm64/IONFilesystemLib_const_extract_protocols.json

WriteAuxiliaryFile /Users/runner/Library/Developer/Xcode/DerivedData/App-dlkunlcngirvvbbbeqpgwvdlhlcp/Build/Intermediates.noindex/IONFilesystemLib.build/Debug-iphonesimulator/IONFilesystemLib.build/Objects-normal/arm64/IONFilesystemLib.SwiftFileList (in target 'IONFilesystemLib' from project 'IONFilesystemLib')
    cd /Users/runner/Library/Developer/Xcode/DerivedData/App-dlkunlcngirvvbbbeqpgwvdlhlcp/SourcePackages/checkouts/ion-ios-filesystem
    write-file /Users/runner/Library/Developer/Xcode/DerivedData/App-dlkunlcngirvvbbbeqpgwvdlhlcp/Build/Intermediates.noindex/IONFilesystemLib.build/Debug-iphonesimulator/IONFilesystemLib.build/Objects-normal/arm64/IONFilesystemLib.SwiftFileList

WriteAuxiliaryFile /Users/runner/Library/Developer/Xcode/DerivedData/App-dlkunlcngirvvbbbeqpgwvdlhlcp/Build/Intermediates.noindex/IONFilesystemLib.build/Debug-iphonesimulator/IONFilesystemLib.build/Objects-normal/arm64/IONFilesystemLib.SwiftConstValuesFileList (in target 'IONFilesystemLib' from project 'IONFilesystemLib')
    cd /Users/runner/Library/Developer/Xcode/DerivedData/App-dlkunlcngirvvbbbeqpgwvdlhlcp/SourcePackages/checkouts/ion-ios-filesystem
    write-file /Users/runner/Library/Developer/Xcode/DerivedData/App-dlkunlcngirvvbbbeqpgwvdlhlcp/Build/Intermediates.noindex/IONFilesystemLib.build/Debug-iphonesimulator/IONFilesystemLib.build/Objects-normal/arm64/IONFilesystemLib.SwiftConstValuesFileList

WriteAuxiliaryFile /Users/runner/Library/Developer/Xcode/DerivedData/App-dlkunlcngirvvbbbeqpgwvdlhlcp/Build/Intermediates.noindex/IONFilesystemLib.build/Debug-iphonesimulator/IONFilesystemLib.build/Objects-normal/arm64/IONFilesystemLib.LinkFileList (in target 'IONFilesystemLib' from project 'IONFilesystemLib')
    cd /Users/runner/Library/Developer/Xcode/DerivedData/App-dlkunlcngirvvbbbeqpgwvdlhlcp/SourcePackages/checkouts/ion-ios-filesystem
    write-file /Users/runner/Library/Developer/Xcode/DerivedData/App-dlkunlcngirvvbbbeqpgwvdlhlcp/Build/Intermediates.noindex/IONFilesystemLib.build/Debug-iphonesimulator/IONFilesystemLib.build/Objects-normal/arm64/IONFilesystemLib.LinkFileList

WriteAuxiliaryFile /Users/runner/Library/Developer/Xcode/DerivedData/App-dlkunlcngirvvbbbeqpgwvdlhlcp/Build/Intermediates.noindex/IONFilesystemLib.build/Debug-iphonesimulator/IONFilesystemLib.build/Objects-normal/arm64/IONFilesystemLib-OutputFileMap.json (in target 'IONFilesystemLib' from project 'IONFilesystemLib')
    cd /Users/runner/Library/Developer/Xcode/DerivedData/App-dlkunlcngirvvbbbeqpgwvdlhlcp/SourcePackages/checkouts/ion-ios-filesystem
    write-file /Users/runner/Library/Developer/Xcode/DerivedData/App-dlkunlcngirvvbbbeqpgwvdlhlcp/Build/Intermediates.noindex/IONFilesystemLib.build/Debug-iphonesimulator/IONFilesystemLib.build/Objects-normal/arm64/IONFilesystemLib-OutputFileMap.json

WriteAuxiliaryFile /Users/runner/Library/Developer/Xcode/DerivedData/App-dlkunlcngirvvbbbeqpgwvdlhlcp/Build/Intermediates.noindex/IONFilesystemLib.build/Debug-iphonesimulator/IONFilesystemLib.build/IONFilesystemLib.modulemap (in target 'IONFilesystemLib' from project 'IONFilesystemLib')
    cd /Users/runner/Library/Developer/Xcode/DerivedData/App-dlkunlcngirvvbbbeqpgwvdlhlcp/SourcePackages/checkouts/ion-ios-filesystem
    write-file /Users/runner/Library/Developer/Xcode/DerivedData/App-dlkunlcngirvvbbbeqpgwvdlhlcp/Build/Intermediates.noindex/IONFilesystemLib.build/Debug-iphonesimulator/IONFilesystemLib.build/IONFilesystemLib.modulemap

WriteAuxiliaryFile /Users/runner/Library/Developer/Xcode/DerivedData/App-dlkunlcngirvvbbbeqpgwvdlhlcp/Build/Intermediates.noindex/IONFilesystemLib.build/Debug-iphonesimulator/IONFilesystemLib.build/IONFilesystemLib.DependencyStaticMetadataFileList (in target 'IONFilesystemLib' from project 'IONFilesystemLib')
    cd /Users/runner/Library/Developer/Xcode/DerivedData/App-dlkunlcngirvvbbbeqpgwvdlhlcp/SourcePackages/checkouts/ion-ios-filesystem
    write-file /Users/runner/Library/Developer/Xcode/DerivedData/App-dlkunlcngirvvbbbeqpgwvdlhlcp/Build/Intermediates.noindex/IONFilesystemLib.build/Debug-iphonesimulator/IONFilesystemLib.build/IONFilesystemLib.DependencyStaticMetadataFileList

WriteAuxiliaryFile /Users/runner/Library/Developer/Xcode/DerivedData/App-dlkunlcngirvvbbbeqpgwvdlhlcp/Build/Intermediates.noindex/IONFilesystemLib.build/Debug-iphonesimulator/IONFilesystemLib.build/IONFilesystemLib.DependencyMetadataFileList (in target 'IONFilesystemLib' from project 'IONFilesystemLib')
    cd /Users/runner/Library/Developer/Xcode/DerivedData/App-dlkunlcngirvvbbbeqpgwvdlhlcp/SourcePackages/checkouts/ion-ios-filesystem
    write-file /Users/runner/Library/Developer/Xcode/DerivedData/App-dlkunlcngirvvbbbeqpgwvdlhlcp/Build/Intermediates.noindex/IONFilesystemLib.build/Debug-iphonesimulator/IONFilesystemLib.build/IONFilesystemLib.DependencyMetadataFileList

Copy /Users/runner/Library/Developer/Xcode/DerivedData/App-dlkunlcngirvvbbbeqpgwvdlhlcp/Build/Intermediates.noindex/GeneratedModuleMaps-iphonesimulator/IONFilesystemLib.modulemap /Users/runner/Library/Developer/Xcode/DerivedData/App-dlkunlcngirvvbbbeqpgwvdlhlcp/Build/Intermediates.noindex/IONFilesystemLib.build/Debug-iphonesimulator/IONFilesystemLib.build/IONFilesystemLib.modulemap (in target 'IONFilesystemLib' from project 'IONFilesystemLib')
    cd /Users/runner/Library/Developer/Xcode/DerivedData/App-dlkunlcngirvvbbbeqpgwvdlhlcp/SourcePackages/checkouts/ion-ios-filesystem
    builtin-copy -exclude .DS_Store -exclude CVS -exclude .svn -exclude .git -exclude .hg -resolve-src-symlinks /Users/runner/Library/Developer/Xcode/DerivedData/App-dlkunlcngirvvbbbeqpgwvdlhlcp/Build/Intermediates.noindex/IONFilesystemLib.build/Debug-iphonesimulator/IONFilesystemLib.build/IONFilesystemLib.modulemap /Users/runner/Library/Developer/Xcode/DerivedData/App-dlkunlcngirvvbbbeqpgwvdlhlcp/Build/Intermediates.noindex/GeneratedModuleMaps-iphonesimulator

MkDir /Users/runner/Library/Developer/Xcode/DerivedData/App-dlkunlcngirvvbbbeqpgwvdlhlcp/Build/Products/Debug-iphonesimulator/StoreCapture-Runner.app/PlugIns/StoreCapture.xctest (in target 'StoreCapture' from project 'App')
    cd /Users/runner/work/Voro/Voro/ios/App
    /bin/mkdir -p /Users/runner/Library/Developer/Xcode/DerivedData/App-dlkunlcngirvvbbbeqpgwvdlhlcp/Build/Products/Debug-iphonesimulator/StoreCapture-Runner.app/PlugIns/StoreCapture.xctest

ProcessXCFramework /Users/runner/Library/Developer/Xcode/DerivedData/App-dlkunlcngirvvbbbeqpgwvdlhlcp/SourcePackages/artifacts/capacitor-swift-pm/Cordova/Cordova.xcframework /Users/runner/Library/Developer/Xcode/DerivedData/App-dlkunlcngirvvbbbeqpgwvdlhlcp/Build/Products/Debug-iphonesimulator/Cordova.framework ios simulator
    cd /Users/runner/work/Voro/Voro/ios/App/App.xcodeproj
    builtin-process-xcframework --xcframework /Users/runner/Library/Developer/Xcode/DerivedData/App-dlkunlcngirvvbbbeqpgwvdlhlcp/SourcePackages/artifacts/capacitor-swift-pm/Cordova/Cordova.xcframework --platform ios --environment simulator --target-path /Users/runner/Library/Developer/Xcode/DerivedData/App-dlkunlcngirvvbbbeqpgwvdlhlcp/Build/Products/Debug-iphonesimulator
/Users/runner/Library/Developer/Xcode/DerivedData/App-dlkunlcngirvvbbbeqpgwvdlhlcp/SourcePackages/artifacts/capacitor-swift-pm/Cordova/Cordova.xcframework:1:1: note: The identity of “Cordova.xcframework” is not recorded in your project.

ProcessXCFramework /Users/runner/Library/Developer/Xcode/DerivedData/App-dlkunlcngirvvbbbeqpgwvdlhlcp/SourcePackages/artifacts/capacitor-swift-pm/Capacitor/Capacitor.xcframework /Users/runner/Library/Developer/Xcode/DerivedData/App-dlkunlcngirvvbbbeqpgwvdlhlcp/Build/Products/Debug-iphonesimulator/Capacitor.framework ios simulator
    cd /Users/runner/work/Voro/Voro/ios/App/App.xcodeproj
    builtin-process-xcframework --xcframework /Users/runner/Library/Developer/Xcode/DerivedData/App-dlkunlcngirvvbbbeqpgwvdlhlcp/SourcePackages/artifacts/capacitor-swift-pm/Capacitor/Capacitor.xcframework --platform ios --environment simulator --target-path /Users/runner/Library/Developer/Xcode/DerivedData/App-dlkunlcngirvvbbbeqpgwvdlhlcp/Build/Products/Debug-iphonesimulator
/Users/runner/Library/Developer/Xcode/DerivedData/App-dlkunlcngirvvbbbeqpgwvdlhlcp/SourcePackages/artifacts/capacitor-swift-pm/Capacitor/Capacitor.xcframework:1:1: note: The identity of “Capacitor.xcframework” is not recorded in your project.

WriteAuxiliaryFile /Users/runner/Library/Developer/Xcode/DerivedData/App-dlkunlcngirvvbbbeqpgwvdlhlcp/Build/Intermediates.noindex/CapacitorShare.build/Debug-iphonesimulator/SharePlugin.build/SharePlugin.modulemap (in target 'SharePlugin' from project 'CapacitorShare')
    cd /Users/runner/work/Voro/Voro/node_modules/@capacitor/share
    write-file /Users/runner/Library/Developer/Xcode/DerivedData/App-dlkunlcngirvvbbbeqpgwvdlhlcp/Build/Intermediates.noindex/CapacitorShare.build/Debug-iphonesimulator/SharePlugin.build/SharePlugin.modulemap

WriteAuxiliaryFile /Users/runner/Library/Developer/Xcode/DerivedData/App-dlkunlcngirvvbbbeqpgwvdlhlcp/Build/Intermediates.noindex/CapacitorShare.build/Debug-iphonesimulator/SharePlugin.build/SharePlugin.DependencyStaticMetadataFileList (in target 'SharePlugin' from project 'CapacitorShare')
    cd /Users/runner/work/Voro/Voro/node_modules/@capacitor/share
    write-file /Users/runner/Library/Developer/Xcode/DerivedData/App-dlkunlcngirvvbbbeqpgwvdlhlcp/Build/Intermediates.noindex/CapacitorShare.build/Debug-iphonesimulator/SharePlugin.build/SharePlugin.DependencyStaticMetadataFileList

WriteAuxiliaryFile /Users/runner/Library/Developer/Xcode/DerivedData/App-dlkunlcngirvvbbbeqpgwvdlhlcp/Build/Intermediates.noindex/CapacitorShare.build/Debug-iphonesimulator/SharePlugin.build/SharePlugin.DependencyMetadataFileList (in target 'SharePlugin' from project 'CapacitorShare')
    cd /Users/runner/work/Voro/Voro/node_modules/@capacitor/share
    write-file /Users/runner/Library/Developer/Xcode/DerivedData/App-dlkunlcngirvvbbbeqpgwvdlhlcp/Build/Intermediates.noindex/CapacitorShare.build/Debug-iphonesimulator/SharePlugin.build/SharePlugin.DependencyMetadataFileList

WriteAuxiliaryFile /Users/runner/Library/Developer/Xcode/DerivedData/App-dlkunlcngirvvbbbeqpgwvdlhlcp/Build/Intermediates.noindex/CapacitorShare.build/Debug-iphonesimulator/SharePlugin.build/Objects-normal/arm64/SharePlugin_const_extract_protocols.json (in target 'SharePlugin' from project 'CapacitorShare')
    cd /Users/runner/work/Voro/Voro/node_modules/@capacitor/share
    write-file /Users/runner/Library/Developer/Xcode/DerivedData/App-dlkunlcngirvvbbbeqpgwvdlhlcp/Build/Intermediates.noindex/CapacitorShare.build/Debug-iphonesimulator/SharePlugin.build/Objects-normal/arm64/SharePlugin_const_extract_protocols.json

WriteAuxiliaryFile /Users/runner/Library/Developer/Xcode/DerivedData/App-dlkunlcngirvvbbbeqpgwvdlhlcp/Build/Intermediates.noindex/CapacitorShare.build/Debug-iphonesimulator/SharePlugin.build/Objects-normal/arm64/SharePlugin.SwiftFileList (in target 'SharePlugin' from project 'CapacitorShare')
    cd /Users/runner/work/Voro/Voro/node_modules/@capacitor/share
    write-file /Users/runner/Library/Developer/Xcode/DerivedData/App-dlkunlcngirvvbbbeqpgwvdlhlcp/Build/Intermediates.noindex/CapacitorShare.build/Debug-iphonesimulator/SharePlugin.build/Objects-normal/arm64/SharePlugin.SwiftFileList

WriteAuxiliaryFile /Users/runner/Library/Developer/Xcode/DerivedData/App-dlkunlcngirvvbbbeqpgwvdlhlcp/Build/Intermediates.noindex/CapacitorShare.build/Debug-iphonesimulator/SharePlugin.build/Objects-normal/arm64/SharePlugin.SwiftConstValuesFileList (in target 'SharePlugin' from project 'CapacitorShare')
    cd /Users/runner/work/Voro/Voro/node_modules/@capacitor/share
    write-file /Users/runner/Library/Developer/Xcode/DerivedData/App-dlkunlcngirvvbbbeqpgwvdlhlcp/Build/Intermediates.noindex/CapacitorShare.build/Debug-iphonesimulator/SharePlugin.build/Objects-normal/arm64/SharePlugin.SwiftConstValuesFileList

WriteAuxiliaryFile /Users/runner/Library/Developer/Xcode/DerivedData/App-dlkunlcngirvvbbbeqpgwvdlhlcp/Build/Intermediates.noindex/CapacitorShare.build/Debug-iphonesimulator/SharePlugin.build/Objects-normal/arm64/SharePlugin.LinkFileList (in target 'SharePlugin' from project 'CapacitorShare')
    cd /Users/runner/work/Voro/Voro/node_modules/@capacitor/share
    write-file /Users/runner/Library/Developer/Xcode/DerivedData/App-dlkunlcngirvvbbbeqpgwvdlhlcp/Build/Intermediates.noindex/CapacitorShare.build/Debug-iphonesimulator/SharePlugin.build/Objects-normal/arm64/SharePlugin.LinkFileList

WriteAuxiliaryFile /Users/runner/Library/Developer/Xcode/DerivedData/App-dlkunlcngirvvbbbeqpgwvdlhlcp/Build/Intermediates.noindex/CapacitorShare.build/Debug-iphonesimulator/SharePlugin.build/Objects-normal/arm64/SharePlugin-OutputFileMap.json (in target 'SharePlugin' from project 'CapacitorShare')
    cd /Users/runner/work/Voro/Voro/node_modules/@capacitor/share
    write-file /Users/runner/Library/Developer/Xcode/DerivedData/App-dlkunlcngirvvbbbeqpgwvdlhlcp/Build/Intermediates.noindex/CapacitorShare.build/Debug-iphonesimulator/SharePlugin.build/Objects-normal/arm64/SharePlugin-OutputFileMap.json

Copy /Users/runner/Library/Developer/Xcode/DerivedData/App-dlkunlcngirvvbbbeqpgwvdlhlcp/Build/Intermediates.noindex/GeneratedModuleMaps-iphonesimulator/SharePlugin.modulemap /Users/runner/Library/Developer/Xcode/DerivedData/App-dlkunlcngirvvbbbeqpgwvdlhlcp/Build/Intermediates.noindex/CapacitorShare.build/Debug-iphonesimulator/SharePlugin.build/SharePlugin.modulemap (in target 'SharePlugin' from project 'CapacitorShare')
    cd /Users/runner/work/Voro/Voro/node_modules/@capacitor/share
    builtin-copy -exclude .DS_Store -exclude CVS -exclude .svn -exclude .git -exclude .hg -resolve-src-symlinks /Users/runner/Library/Developer/Xcode/DerivedData/App-dlkunlcngirvvbbbeqpgwvdlhlcp/Build/Intermediates.noindex/CapacitorShare.build/Debug-iphonesimulator/SharePlugin.build/SharePlugin.modulemap /Users/runner/Library/Developer/Xcode/DerivedData/App-dlkunlcngirvvbbbeqpgwvdlhlcp/Build/Intermediates.noindex/GeneratedModuleMaps-iphonesimulator

WriteAuxiliaryFile /Users/runner/Library/Developer/Xcode/DerivedData/App-dlkunlcngirvvbbbeqpgwvdlhlcp/Build/Intermediates.noindex/CapacitorFilesystem.build/Debug-iphonesimulator/FilesystemPlugin.build/Objects-normal/arm64/FilesystemPlugin_const_extract_protocols.json (in target 'FilesystemPlugin' from project 'CapacitorFilesystem')
    cd /Users/runner/work/Voro/Voro/node_modules/@capacitor/filesystem
    write-file /Users/runner/Library/Developer/Xcode/DerivedData/App-dlkunlcngirvvbbbeqpgwvdlhlcp/Build/Intermediates.noindex/CapacitorFilesystem.build/Debug-iphonesimulator/FilesystemPlugin.build/Objects-normal/arm64/FilesystemPlugin_const_extract_protocols.json

WriteAuxiliaryFile /Users/runner/Library/Developer/Xcode/DerivedData/App-dlkunlcngirvvbbbeqpgwvdlhlcp/Build/Intermediates.noindex/CapacitorFilesystem.build/Debug-iphonesimulator/FilesystemPlugin.build/Objects-normal/arm64/FilesystemPlugin.SwiftFileList (in target 'FilesystemPlugin' from project 'CapacitorFilesystem')
    cd /Users/runner/work/Voro/Voro/node_modules/@capacitor/filesystem
    write-file /Users/runner/Library/Developer/Xcode/DerivedData/App-dlkunlcngirvvbbbeqpgwvdlhlcp/Build/Intermediates.noindex/CapacitorFilesystem.build/Debug-iphonesimulator/FilesystemPlugin.build/Objects-normal/arm64/FilesystemPlugin.SwiftFileList

WriteAuxiliaryFile /Users/runner/Library/Developer/Xcode/DerivedData/App-dlkunlcngirvvbbbeqpgwvdlhlcp/Build/Intermediates.noindex/CapacitorFilesystem.build/Debug-iphonesimulator/FilesystemPlugin.build/Objects-normal/arm64/FilesystemPlugin.SwiftConstValuesFileList (in target 'FilesystemPlugin' from project 'CapacitorFilesystem')
    cd /Users/runner/work/Voro/Voro/node_modules/@capacitor/filesystem
    write-file /Users/runner/Library/Developer/Xcode/DerivedData/App-dlkunlcngirvvbbbeqpgwvdlhlcp/Build/Intermediates.noindex/CapacitorFilesystem.build/Debug-iphonesimulator/FilesystemPlugin.build/Objects-normal/arm64/FilesystemPlugin.SwiftConstValuesFileList

WriteAuxiliaryFile /Users/runner/Library/Developer/Xcode/DerivedData/App-dlkunlcngirvvbbbeqpgwvdlhlcp/Build/Intermediates.noindex/CapacitorFilesystem.build/Debug-iphonesimulator/FilesystemPlugin.build/Objects-normal/arm64/FilesystemPlugin.LinkFileList (in target 'FilesystemPlugin' from project 'CapacitorFilesystem')
    cd /Users/runner/work/Voro/Voro/node_modules/@capacitor/filesystem
    write-file /Users/runner/Library/Developer/Xcode/DerivedData/App-dlkunlcngirvvbbbeqpgwvdlhlcp/Build/Intermediates.noindex/CapacitorFilesystem.build/Debug-iphonesimulator/FilesystemPlugin.build/Objects-normal/arm64/FilesystemPlugin.LinkFileList

WriteAuxiliaryFile /Users/runner/Library/Developer/Xcode/DerivedData/App-dlkunlcngirvvbbbeqpgwvdlhlcp/Build/Intermediates.noindex/CapacitorFilesystem.build/Debug-iphonesimulator/FilesystemPlugin.build/Objects-normal/arm64/FilesystemPlugin-OutputFileMap.json (in target 'FilesystemPlugin' from project 'CapacitorFilesystem')
    cd /Users/runner/work/Voro/Voro/node_modules/@capacitor/filesystem
    write-file /Users/runner/Library/Developer/Xcode/DerivedData/App-dlkunlcngirvvbbbeqpgwvdlhlcp/Build/Intermediates.noindex/CapacitorFilesystem.build/Debug-iphonesimulator/FilesystemPlugin.build/Objects-normal/arm64/FilesystemPlugin-OutputFileMap.json

WriteAuxiliaryFile /Users/runner/Library/Developer/Xcode/DerivedData/App-dlkunlcngirvvbbbeqpgwvdlhlcp/Build/Intermediates.noindex/CapacitorFilesystem.build/Debug-iphonesimulator/FilesystemPlugin.build/FilesystemPlugin.modulemap (in target 'FilesystemPlugin' from project 'CapacitorFilesystem')
    cd /Users/runner/work/Voro/Voro/node_modules/@capacitor/filesystem
    write-file /Users/runner/Library/Developer/Xcode/DerivedData/App-dlkunlcngirvvbbbeqpgwvdlhlcp/Build/Intermediates.noindex/CapacitorFilesystem.build/Debug-iphonesimulator/FilesystemPlugin.build/FilesystemPlugin.modulemap

WriteAuxiliaryFile /Users/runner/Library/Developer/Xcode/DerivedData/App-dlkunlcngirvvbbbeqpgwvdlhlcp/Build/Intermediates.noindex/CapacitorFilesystem.build/Debug-iphonesimulator/FilesystemPlugin.build/FilesystemPlugin.DependencyStaticMetadataFileList (in target 'FilesystemPlugin' from project 'CapacitorFilesystem')
    cd /Users/runner/work/Voro/Voro/node_modules/@capacitor/filesystem
    write-file /Users/runner/Library/Developer/Xcode/DerivedData/App-dlkunlcngirvvbbbeqpgwvdlhlcp/Build/Intermediates.noindex/CapacitorFilesystem.build/Debug-iphonesimulator/FilesystemPlugin.build/FilesystemPlugin.DependencyStaticMetadataFileList

WriteAuxiliaryFile /Users/runner/Library/Developer/Xcode/DerivedData/App-dlkunlcngirvvbbbeqpgwvdlhlcp/Build/Intermediates.noindex/CapacitorFilesystem.build/Debug-iphonesimulator/FilesystemPlugin.build/FilesystemPlugin.DependencyMetadataFileList (in target 'FilesystemPlugin' from project 'CapacitorFilesystem')
    cd /Users/runner/work/Voro/Voro/node_modules/@capacitor/filesystem
    write-file /Users/runner/Library/Developer/Xcode/DerivedData/App-dlkunlcngirvvbbbeqpgwvdlhlcp/Build/Intermediates.noindex/CapacitorFilesystem.build/Debug-iphonesimulator/FilesystemPlugin.build/FilesystemPlugin.DependencyMetadataFileList

Copy /Users/runner/Library/Developer/Xcode/DerivedData/App-dlkunlcngirvvbbbeqpgwvdlhlcp/Build/Intermediates.noindex/GeneratedModuleMaps-iphonesimulator/FilesystemPlugin.modulemap /Users/runner/Library/Developer/Xcode/DerivedData/App-dlkunlcngirvvbbbeqpgwvdlhlcp/Build/Intermediates.noindex/CapacitorFilesystem.build/Debug-iphonesimulator/FilesystemPlugin.build/FilesystemPlugin.modulemap (in target 'FilesystemPlugin' from project 'CapacitorFilesystem')
    cd /Users/runner/work/Voro/Voro/node_modules/@capacitor/filesystem
    builtin-copy -exclude .DS_Store -exclude CVS -exclude .svn -exclude .git -exclude .hg -resolve-src-symlinks /Users/runner/Library/Developer/Xcode/DerivedData/App-dlkunlcngirvvbbbeqpgwvdlhlcp/Build/Intermediates.noindex/CapacitorFilesystem.build/Debug-iphonesimulator/FilesystemPlugin.build/FilesystemPlugin.modulemap /Users/runner/Library/Developer/Xcode/DerivedData/App-dlkunlcngirvvbbbeqpgwvdlhlcp/Build/Intermediates.noindex/GeneratedModuleMaps-iphonesimulator

WriteAuxiliaryFile /Users/runner/Library/Developer/Xcode/DerivedData/App-dlkunlcngirvvbbbeqpgwvdlhlcp/Build/Intermediates.noindex/CapApp-SPM.build/Debug-iphonesimulator/CapApp-SPM.build/Objects-normal/arm64/CapApp-SPM_const_extract_protocols.json (in target 'CapApp-SPM' from project 'CapApp-SPM')
    cd /Users/runner/work/Voro/Voro/ios/App/CapApp-SPM
    write-file /Users/runner/Library/Developer/Xcode/DerivedData/App-dlkunlcngirvvbbbeqpgwvdlhlcp/Build/Intermediates.noindex/CapApp-SPM.build/Debug-iphonesimulator/CapApp-SPM.build/Objects-normal/arm64/CapApp-SPM_const_extract_protocols.json

WriteAuxiliaryFile /Users/runner/Library/Developer/Xcode/DerivedData/App-dlkunlcngirvvbbbeqpgwvdlhlcp/Build/Intermediates.noindex/CapApp-SPM.build/Debug-iphonesimulator/CapApp-SPM.build/Objects-normal/arm64/CapApp-SPM.SwiftFileList (in target 'CapApp-SPM' from project 'CapApp-SPM')
    cd /Users/runner/work/Voro/Voro/ios/App/CapApp-SPM
    write-file /Users/runner/Library/Developer/Xcode/DerivedData/App-dlkunlcngirvvbbbeqpgwvdlhlcp/Build/Intermediates.noindex/CapApp-SPM.build/Debug-iphonesimulator/CapApp-SPM.build/Objects-normal/arm64/CapApp-SPM.SwiftFileList

WriteAuxiliaryFile /Users/runner/Library/Developer/Xcode/DerivedData/App-dlkunlcngirvvbbbeqpgwvdlhlcp/Build/Intermediates.noindex/CapApp-SPM.build/Debug-iphonesimulator/CapApp-SPM.build/Objects-normal/arm64/CapApp-SPM.SwiftConstValuesFileList (in target 'CapApp-SPM' from project 'CapApp-SPM')
    cd /Users/runner/work/Voro/Voro/ios/App/CapApp-SPM
    write-file /Users/runner/Library/Developer/Xcode/DerivedData/App-dlkunlcngirvvbbbeqpgwvdlhlcp/Build/Intermediates.noindex/CapApp-SPM.build/Debug-iphonesimulator/CapApp-SPM.build/Objects-normal/arm64/CapApp-SPM.SwiftConstValuesFileList

WriteAuxiliaryFile /Users/runner/Library/Developer/Xcode/DerivedData/App-dlkunlcngirvvbbbeqpgwvdlhlcp/Build/Intermediates.noindex/CapApp-SPM.build/Debug-iphonesimulator/CapApp-SPM.build/Objects-normal/arm64/CapApp-SPM.LinkFileList (in target 'CapApp-SPM' from project 'CapApp-SPM')
    cd /Users/runner/work/Voro/Voro/ios/App/CapApp-SPM
    write-file /Users/runner/Library/Developer/Xcode/DerivedData/App-dlkunlcngirvvbbbeqpgwvdlhlcp/Build/Intermediates.noindex/CapApp-SPM.build/Debug-iphonesimulator/CapApp-SPM.build/Objects-normal/arm64/CapApp-SPM.LinkFileList

WriteAuxiliaryFile /Users/runner/Library/Developer/Xcode/DerivedData/App-dlkunlcngirvvbbbeqpgwvdlhlcp/Build/Intermediates.noindex/CapApp-SPM.build/Debug-iphonesimulator/CapApp-SPM.build/Objects-normal/arm64/CapApp-SPM-OutputFileMap.json (in target 'CapApp-SPM' from project 'CapApp-SPM')
    cd /Users/runner/work/Voro/Voro/ios/App/CapApp-SPM
    write-file /Users/runner/Library/Developer/Xcode/DerivedData/App-dlkunlcngirvvbbbeqpgwvdlhlcp/Build/Intermediates.noindex/CapApp-SPM.build/Debug-iphonesimulator/CapApp-SPM.build/Objects-normal/arm64/CapApp-SPM-OutputFileMap.json

WriteAuxiliaryFile /Users/runner/Library/Developer/Xcode/DerivedData/App-dlkunlcngirvvbbbeqpgwvdlhlcp/Build/Intermediates.noindex/CapApp-SPM.build/Debug-iphonesimulator/CapApp-SPM.build/CapApp-SPM.modulemap (in target 'CapApp-SPM' from project 'CapApp-SPM')
    cd /Users/runner/work/Voro/Voro/ios/App/CapApp-SPM
    write-file /Users/runner/Library/Developer/Xcode/DerivedData/App-dlkunlcngirvvbbbeqpgwvdlhlcp/Build/Intermediates.noindex/CapApp-SPM.build/Debug-iphonesimulator/CapApp-SPM.build/CapApp-SPM.modulemap

WriteAuxiliaryFile /Users/runner/Library/Developer/Xcode/DerivedData/App-dlkunlcngirvvbbbeqpgwvdlhlcp/Build/Intermediates.noindex/CapApp-SPM.build/Debug-iphonesimulator/CapApp-SPM.build/CapApp-SPM.DependencyStaticMetadataFileList (in target 'CapApp-SPM' from project 'CapApp-SPM')
    cd /Users/runner/work/Voro/Voro/ios/App/CapApp-SPM
    write-file /Users/runner/Library/Developer/Xcode/DerivedData/App-dlkunlcngirvvbbbeqpgwvdlhlcp/Build/Intermediates.noindex/CapApp-SPM.build/Debug-iphonesimulator/CapApp-SPM.build/CapApp-SPM.DependencyStaticMetadataFileList

WriteAuxiliaryFile /Users/runner/Library/Developer/Xcode/DerivedData/App-dlkunlcngirvvbbbeqpgwvdlhlcp/Build/Intermediates.noindex/CapApp-SPM.build/Debug-iphonesimulator/CapApp-SPM.build/CapApp-SPM.DependencyMetadataFileList (in target 'CapApp-SPM' from project 'CapApp-SPM')
    cd /Users/runner/work/Voro/Voro/ios/App/CapApp-SPM
    write-file /Users/runner/Library/Developer/Xcode/DerivedData/App-dlkunlcngirvvbbbeqpgwvdlhlcp/Build/Intermediates.noindex/CapApp-SPM.build/Debug-iphonesimulator/CapApp-SPM.build/CapApp-SPM.DependencyMetadataFileList

Copy /Users/runner/Library/Developer/Xcode/DerivedData/App-dlkunlcngirvvbbbeqpgwvdlhlcp/Build/Intermediates.noindex/GeneratedModuleMaps-iphonesimulator/CapApp-SPM.modulemap /Users/runner/Library/Developer/Xcode/DerivedData/App-dlkunlcngirvvbbbeqpgwvdlhlcp/Build/Intermediates.noindex/CapApp-SPM.build/Debug-iphonesimulator/CapApp-SPM.build/CapApp-SPM.modulemap (in target 'CapApp-SPM' from project 'CapApp-SPM')
    cd /Users/runner/work/Voro/Voro/ios/App/CapApp-SPM
    builtin-copy -exclude .DS_Store -exclude CVS -exclude .svn -exclude .git -exclude .hg -resolve-src-symlinks /Users/runner/Library/Developer/Xcode/DerivedData/App-dlkunlcngirvvbbbeqpgwvdlhlcp/Build/Intermediates.noindex/CapApp-SPM.build/Debug-iphonesimulator/CapApp-SPM.build/CapApp-SPM.modulemap /Users/runner/Library/Developer/Xcode/DerivedData/App-dlkunlcngirvvbbbeqpgwvdlhlcp/Build/Intermediates.noindex/GeneratedModuleMaps-iphonesimulator

WriteAuxiliaryFile /Users/runner/Library/Developer/Xcode/DerivedData/App-dlkunlcngirvvbbbeqpgwvdlhlcp/Build/Intermediates.noindex/App.build/Debug-iphonesimulator/App.build/Objects-normal/arm64/App_const_extract_protocols.json (in target 'App' from project 'App')
    cd /Users/runner/work/Voro/Voro/ios/App
    write-file /Users/runner/Library/Developer/Xcode/DerivedData/App-dlkunlcngirvvbbbeqpgwvdlhlcp/Build/Intermediates.noindex/App.build/Debug-iphonesimulator/App.build/Objects-normal/arm64/App_const_extract_protocols.json

WriteAuxiliaryFile /Users/runner/Library/Developer/Xcode/DerivedData/App-dlkunlcngirvvbbbeqpgwvdlhlcp/Build/Intermediates.noindex/App.build/Debug-iphonesimulator/App.build/Objects-normal/arm64/App.SwiftFileList (in target 'App' from project 'App')
    cd /Users/runner/work/Voro/Voro/ios/App
    write-file /Users/runner/Library/Developer/Xcode/DerivedData/App-dlkunlcngirvvbbbeqpgwvdlhlcp/Build/Intermediates.noindex/App.build/Debug-iphonesimulator/App.build/Objects-normal/arm64/App.SwiftFileList

WriteAuxiliaryFile /Users/runner/Library/Developer/Xcode/DerivedData/App-dlkunlcngirvvbbbeqpgwvdlhlcp/Build/Intermediates.noindex/App.build/Debug-iphonesimulator/App.build/Objects-normal/arm64/App.SwiftConstValuesFileList (in target 'App' from project 'App')
    cd /Users/runner/work/Voro/Voro/ios/App
    write-file /Users/runner/Library/Developer/Xcode/DerivedData/App-dlkunlcngirvvbbbeqpgwvdlhlcp/Build/Intermediates.noindex/App.build/Debug-iphonesimulator/App.build/Objects-normal/arm64/App.SwiftConstValuesFileList

WriteAuxiliaryFile /Users/runner/Library/Developer/Xcode/DerivedData/App-dlkunlcngirvvbbbeqpgwvdlhlcp/Build/Intermediates.noindex/App.build/Debug-iphonesimulator/App.build/Objects-normal/arm64/App.LinkFileList (in target 'App' from project 'App')
    cd /Users/runner/work/Voro/Voro/ios/App
    write-file /Users/runner/Library/Developer/Xcode/DerivedData/App-dlkunlcngirvvbbbeqpgwvdlhlcp/Build/Intermediates.noindex/App.build/Debug-iphonesimulator/App.build/Objects-normal/arm64/App.LinkFileList

WriteAuxiliaryFile /Users/runner/Library/Developer/Xcode/DerivedData/App-dlkunlcngirvvbbbeqpgwvdlhlcp/Build/Intermediates.noindex/App.build/Debug-iphonesimulator/App.build/Objects-normal/arm64/App-OutputFileMap.json (in target 'App' from project 'App')
    cd /Users/runner/work/Voro/Voro/ios/App
    write-file /Users/runner/Library/Developer/Xcode/DerivedData/App-dlkunlcngirvvbbbeqpgwvdlhlcp/Build/Intermediates.noindex/App.build/Debug-iphonesimulator/App.build/Objects-normal/arm64/App-OutputFileMap.json

WriteAuxiliaryFile /Users/runner/Library/Developer/Xcode/DerivedData/App-dlkunlcngirvvbbbeqpgwvdlhlcp/Build/Intermediates.noindex/App.build/Debug-iphonesimulator/App.build/App.hmap (in target 'App' from project 'App')
    cd /Users/runner/work/Voro/Voro/ios/App
    write-file /Users/runner/Library/Developer/Xcode/DerivedData/App-dlkunlcngirvvbbbeqpgwvdlhlcp/Build/Intermediates.noindex/App.build/Debug-iphonesimulator/App.build/App.hmap

WriteAuxiliaryFile /Users/runner/Library/Developer/Xcode/DerivedData/App-dlkunlcngirvvbbbeqpgwvdlhlcp/Build/Intermediates.noindex/App.build/Debug-iphonesimulator/App.build/App.DependencyStaticMetadataFileList (in target 'App' from project 'App')
    cd /Users/runner/work/Voro/Voro/ios/App
    write-file /Users/runner/Library/Developer/Xcode/DerivedData/App-dlkunlcngirvvbbbeqpgwvdlhlcp/Build/Intermediates.noindex/App.build/Debug-iphonesimulator/App.build/App.DependencyStaticMetadataFileList

WriteAuxiliaryFile /Users/runner/Library/Developer/Xcode/DerivedData/App-dlkunlcngirvvbbbeqpgwvdlhlcp/Build/Intermediates.noindex/App.build/Debug-iphonesimulator/App.build/App.DependencyMetadataFileList (in target 'App' from project 'App')
    cd /Users/runner/work/Voro/Voro/ios/App
    write-file /Users/runner/Library/Developer/Xcode/DerivedData/App-dlkunlcngirvvbbbeqpgwvdlhlcp/Build/Intermediates.noindex/App.build/Debug-iphonesimulator/App.build/App.DependencyMetadataFileList

WriteAuxiliaryFile /Users/runner/Library/Developer/Xcode/DerivedData/App-dlkunlcngirvvbbbeqpgwvdlhlcp/Build/Intermediates.noindex/App.build/Debug-iphonesimulator/App.build/App-project-headers.hmap (in target 'App' from project 'App')
    cd /Users/runner/work/Voro/Voro/ios/App
    write-file /Users/runner/Library/Developer/Xcode/DerivedData/App-dlkunlcngirvvbbbeqpgwvdlhlcp/Build/Intermediates.noindex/App.build/Debug-iphonesimulator/App.build/App-project-headers.hmap

WriteAuxiliaryFile /Users/runner/Library/Developer/Xcode/DerivedData/App-dlkunlcngirvvbbbeqpgwvdlhlcp/Build/Intermediates.noindex/App.build/Debug-iphonesimulator/App.build/App-own-target-headers.hmap (in target 'App' from project 'App')
    cd /Users/runner/work/Voro/Voro/ios/App
    write-file /Users/runner/Library/Developer/Xcode/DerivedData/App-dlkunlcngirvvbbbeqpgwvdlhlcp/Build/Intermediates.noindex/App.build/Debug-iphonesimulator/App.build/App-own-target-headers.hmap

WriteAuxiliaryFile /Users/runner/Library/Developer/Xcode/DerivedData/App-dlkunlcngirvvbbbeqpgwvdlhlcp/Build/Intermediates.noindex/App.build/Debug-iphonesimulator/App.build/App-generated-files.hmap (in target 'App' from project 'App')
    cd /Users/runner/work/Voro/Voro/ios/App
    write-file /Users/runner/Library/Developer/Xcode/DerivedData/App-dlkunlcngirvvbbbeqpgwvdlhlcp/Build/Intermediates.noindex/App.build/Debug-iphonesimulator/App.build/App-generated-files.hmap

WriteAuxiliaryFile /Users/runner/Library/Developer/Xcode/DerivedData/App-dlkunlcngirvvbbbeqpgwvdlhlcp/Build/Intermediates.noindex/App.build/Debug-iphonesimulator/App.build/App-all-target-headers.hmap (in target 'App' from project 'App')
    cd /Users/runner/work/Voro/Voro/ios/App
    write-file /Users/runner/Library/Developer/Xcode/DerivedData/App-dlkunlcngirvvbbbeqpgwvdlhlcp/Build/Intermediates.noindex/App.build/Debug-iphonesimulator/App.build/App-all-target-headers.hmap

WriteAuxiliaryFile /Users/runner/Library/Developer/Xcode/DerivedData/App-dlkunlcngirvvbbbeqpgwvdlhlcp/Build/Intermediates.noindex/App.build/Debug-iphonesimulator/App.build/App-all-non-framework-target-headers.hmap (in target 'App' from project 'App')
    cd /Users/runner/work/Voro/Voro/ios/App
    write-file /Users/runner/Library/Developer/Xcode/DerivedData/App-dlkunlcngirvvbbbeqpgwvdlhlcp/Build/Intermediates.noindex/App.build/Debug-iphonesimulator/App.build/App-all-non-framework-target-headers.hmap

WriteAuxiliaryFile /Users/runner/Library/Developer/Xcode/DerivedData/App-dlkunlcngirvvbbbeqpgwvdlhlcp/Build/Intermediates.noindex/App.build/Debug-iphonesimulator/App.build/App-DebugDylibPath-normal-arm64.txt (in target 'App' from project 'App')
    cd /Users/runner/work/Voro/Voro/ios/App
    write-file /Users/runner/Library/Developer/Xcode/DerivedData/App-dlkunlcngirvvbbbeqpgwvdlhlcp/Build/Intermediates.noindex/App.build/Debug-iphonesimulator/App.build/App-DebugDylibPath-normal-arm64.txt

WriteAuxiliaryFile /Users/runner/Library/Developer/Xcode/DerivedData/App-dlkunlcngirvvbbbeqpgwvdlhlcp/Build/Intermediates.noindex/App.build/Debug-iphonesimulator/App.build/App-DebugDylibInstallName-normal-arm64.txt (in target 'App' from project 'App')
    cd /Users/runner/work/Voro/Voro/ios/App
    write-file /Users/runner/Library/Developer/Xcode/DerivedData/App-dlkunlcngirvvbbbeqpgwvdlhlcp/Build/Intermediates.noindex/App.build/Debug-iphonesimulator/App.build/App-DebugDylibInstallName-normal-arm64.txt

MkDir /Users/runner/Library/Developer/Xcode/DerivedData/App-dlkunlcngirvvbbbeqpgwvdlhlcp/Build/Products/Debug-iphonesimulator/App.app/Frameworks (in target 'App' from project 'App')
    cd /Users/runner/work/Voro/Voro/ios/App
    /bin/mkdir -p /Users/runner/Library/Developer/Xcode/DerivedData/App-dlkunlcngirvvbbbeqpgwvdlhlcp/Build/Products/Debug-iphonesimulator/App.app/Frameworks

MkDir /Users/runner/Library/Developer/Xcode/DerivedData/App-dlkunlcngirvvbbbeqpgwvdlhlcp/Build/Products/Debug-iphonesimulator/App.app (in target 'App' from project 'App')
    cd /Users/runner/work/Voro/Voro/ios/App
    /bin/mkdir -p /Users/runner/Library/Developer/Xcode/DerivedData/App-dlkunlcngirvvbbbeqpgwvdlhlcp/Build/Products/Debug-iphonesimulator/App.app

SwiftDriver SharePlugin normal arm64 com.apple.xcode.tools.swift.compiler (in target 'SharePlugin' from project 'CapacitorShare')
    cd /Users/runner/work/Voro/Voro/ios/App/App.xcodeproj
    builtin-SwiftDriver -- /Applications/Xcode_26.6.app/Contents/Developer/Toolchains/XcodeDefault.xctoolchain/usr/bin/swiftc -module-name SharePlugin -Onone @/Users/runner/Library/Developer/Xcode/DerivedData/App-dlkunlcngirvvbbbeqpgwvdlhlcp/Build/Intermediates.noindex/CapacitorShare.build/Debug-iphonesimulator/SharePlugin.build/Objects-normal/arm64/SharePlugin.SwiftFileList -DSWIFT_PACKAGE -DDEBUG -DSWIFT_MODULE_RESOURCE_BUNDLE_UNAVAILABLE -DXcode -plugin-path /Applications/Xcode_26.6.app/Contents/Developer/Toolchains/XcodeDefault.xctoolchain/usr/lib/swift/host/plugins/testing -enable-experimental-feature DebugDescriptionMacro -sdk /Applications/Xcode_26.6.app/Contents/Developer/Platforms/iPhoneSimulator.platform/Developer/SDKs/iPhoneSimulator26.5.sdk -target arm64-apple-ios15.0-simulator -g -module-cache-path /Users/runner/Library/Developer/Xcode/DerivedData/ModuleCache.noindex -Xfrontend -serialize-debugging-options -enable-testing -suppress-warnings -index-store-path /Users/runner/Library/Developer/Xcode/DerivedData/App-dlkunlcngirvvbbbeqpgwvdlhlcp/Index.noindex/DataStore -Xcc -D_LIBCPP_HARDENING_MODE\=_LIBCPP_HARDENING_MODE_DEBUG -swift-version 5 -I /Users/runner/Library/Developer/Xcode/DerivedData/App-dlkunlcngirvvbbbeqpgwvdlhlcp/Build/Products/Debug-iphonesimulator -Isystem /Applications/Xcode_26.6.app/Contents/Developer/Platforms/iPhoneSimulator.platform/Developer/usr/lib -F /Users/runner/Library/Developer/Xcode/DerivedData/App-dlkunlcngirvvbbbeqpgwvdlhlcp/Build/Products/Debug-iphonesimulator -F /Applications/Xcode_26.6.app/Contents/Developer/Platforms/iPhoneSimulator.platform/Developer/Library/Frameworks -F /Applications/Xcode_26.6.app/Contents/Developer/Platforms/iPhoneSimulator.platform/Developer/SDKs/iPhoneSimulator26.5.sdk/Developer/Library/Frameworks -parse-as-library -c -j3 -enable-batch-mode -incremental -Xcc -ivfsstatcache -Xcc /Users/runner/Library/Developer/Xcode/DerivedData/SDKStatCaches.noindex/iphonesimulator26.5-23F81a-688ef53f1462e2c8f657fdc38a81448ff45c64a1807a658693f2a61704f17a36.sdkstatcache -output-file-map /Users/runner/Library/Developer/Xcode/DerivedData/App-dlkunlcngirvvbbbeqpgwvdlhlcp/Build/Intermediates.noindex/CapacitorShare.build/Debug-iphonesimulator/SharePlugin.build/Objects-normal/arm64/SharePlugin-OutputFileMap.json -use-frontend-parseable-output -save-temps -no-color-diagnostics -explicit-module-build -module-cache-path /Users/runner/Library/Developer/Xcode/DerivedData/App-dlkunlcngirvvbbbeqpgwvdlhlcp/Build/Intermediates.noindex/SwiftExplicitPrecompiledModules -clang-scanner-module-cache-path /Users/runner/Library/Developer/Xcode/DerivedData/ModuleCache.noindex -sdk-module-cache-path /Users/runner/Library/Developer/Xcode/DerivedData/ModuleCache.noindex -serialize-diagnostics -emit-dependencies -emit-module -emit-module-path /Users/runner/Library/Developer/Xcode/DerivedData/App-dlkunlcngirvvbbbeqpgwvdlhlcp/Build/Intermediates.noindex/CapacitorShare.build/Debug-iphonesimulator/SharePlugin.build/Objects-normal/arm64/SharePlugin.swiftmodule -validate-clang-modules-once -clang-build-session-file /Users/runner/Library/Developer/Xcode/DerivedData/ModuleCache.noindex/Session.modulevalidation -package-name share -Xcc -I/Users/runner/Library/Developer/Xcode/DerivedData/App-dlkunlcngirvvbbbeqpgwvdlhlcp/Build/Intermediates.noindex/CapacitorShare.build/Debug-iphonesimulator/SharePlugin.build/swift-overrides.hmap -emit-const-values -Xfrontend -const-gather-protocols-file -Xfrontend /Users/runner/Library/Developer/Xcode/DerivedData/App-dlkunlcngirvvbbbeqpgwvdlhlcp/Build/Intermediates.noindex/CapacitorShare.build/Debug-iphonesimulator/SharePlugin.build/Objects-normal/arm64/SharePlugin_const_extract_protocols.json -Xcc -I/Users/runner/Library/Developer/Xcode/DerivedData/App-dlkunlcngirvvbbbeqpgwvdlhlcp/Build/Products/Debug-iphonesimulator/include -Xcc -I/Users/runner/Library/Developer/Xcode/DerivedData/App-dlkunlcngirvvbbbeqpgwvdlhlcp/Build/Intermediates.noindex/CapacitorShare.build/Debug-iphonesimulator/SharePlugin.build/DerivedSources-normal/arm64 -Xcc -I/Users/runner/Library/Developer/Xcode/DerivedData/App-dlkunlcngirvvbbbeqpgwvdlhlcp/Build/Intermediates.noindex/CapacitorShare.build/Debug-iphonesimulator/SharePlugin.build/DerivedSources/arm64 -Xcc -I/Users/runner/Library/Developer/Xcode/DerivedData/App-dlkunlcngirvvbbbeqpgwvdlhlcp/Build/Intermediates.noindex/CapacitorShare.build/Debug-iphonesimulator/SharePlugin.build/DerivedSources -Xcc -DSWIFT_PACKAGE -Xcc -DDEBUG\=1 -emit-objc-header -emit-objc-header-path /Users/runner/Library/Developer/Xcode/DerivedData/App-dlkunlcngirvvbbbeqpgwvdlhlcp/Build/Intermediates.noindex/CapacitorShare.build/Debug-iphonesimulator/SharePlugin.build/Objects-normal/arm64/SharePlugin-Swift.h -working-directory /Users/runner/work/Voro/Voro/ios/App/App.xcodeproj -experimental-emit-module-separately -disable-cmo

SwiftDriver IONFilesystemLib normal arm64 com.apple.xcode.tools.swift.compiler (in target 'IONFilesystemLib' from project 'IONFilesystemLib')
    cd /Users/runner/work/Voro/Voro/ios/App/App.xcodeproj
    builtin-SwiftDriver -- /Applications/Xcode_26.6.app/Contents/Developer/Toolchains/XcodeDefault.xctoolchain/usr/bin/swiftc -module-name IONFilesystemLib -Onone @/Users/runner/Library/Developer/Xcode/DerivedData/App-dlkunlcngirvvbbbeqpgwvdlhlcp/Build/Intermediates.noindex/IONFilesystemLib.build/Debug-iphonesimulator/IONFilesystemLib.build/Objects-normal/arm64/IONFilesystemLib.SwiftFileList -DSWIFT_PACKAGE -DDEBUG -DSWIFT_MODULE_RESOURCE_BUNDLE_UNAVAILABLE -DXcode -plugin-path /Applications/Xcode_26.6.app/Contents/Developer/Toolchains/XcodeDefault.xctoolchain/usr/lib/swift/host/plugins/testing -enable-experimental-feature DebugDescriptionMacro -sdk /Applications/Xcode_26.6.app/Contents/Developer/Platforms/iPhoneSimulator.platform/Developer/SDKs/iPhoneSimulator26.5.sdk -target arm64-apple-ios14.0-simulator -g -module-cache-path /Users/runner/Library/Developer/Xcode/DerivedData/ModuleCache.noindex -Xfrontend -serialize-debugging-options -enable-testing -suppress-warnings -index-store-path /Users/runner/Library/Developer/Xcode/DerivedData/App-dlkunlcngirvvbbbeqpgwvdlhlcp/Index.noindex/DataStore -Xcc -D_LIBCPP_HARDENING_MODE\=_LIBCPP_HARDENING_MODE_DEBUG -swift-version 5 -I /Users/runner/Library/Developer/Xcode/DerivedData/App-dlkunlcngirvvbbbeqpgwvdlhlcp/Build/Products/Debug-iphonesimulator -Isystem /Applications/Xcode_26.6.app/Contents/Developer/Platforms/iPhoneSimulator.platform/Developer/usr/lib -F /Users/runner/Library/Developer/Xcode/DerivedData/App-dlkunlcngirvvbbbeqpgwvdlhlcp/Build/Products/Debug-iphonesimulator -F /Applications/Xcode_26.6.app/Contents/Developer/Platforms/iPhoneSimulator.platform/Developer/Library/Frameworks -F /Applications/Xcode_26.6.app/Contents/Developer/Platforms/iPhoneSimulator.platform/Developer/SDKs/iPhoneSimulator26.5.sdk/Developer/Library/Frameworks -c -j3 -enable-batch-mode -incremental -Xcc -ivfsstatcache -Xcc /Users/runner/Library/Developer/Xcode/DerivedData/SDKStatCaches.noindex/iphonesimulator26.5-23F81a-688ef53f1462e2c8f657fdc38a81448ff45c64a1807a658693f2a61704f17a36.sdkstatcache -output-file-map /Users/runner/Library/Developer/Xcode/DerivedData/App-dlkunlcngirvvbbbeqpgwvdlhlcp/Build/Intermediates.noindex/IONFilesystemLib.build/Debug-iphonesimulator/IONFilesystemLib.build/Objects-normal/arm64/IONFilesystemLib-OutputFileMap.json -use-frontend-parseable-output -save-temps -no-color-diagnostics -explicit-module-build -module-cache-path /Users/runner/Library/Developer/Xcode/DerivedData/App-dlkunlcngirvvbbbeqpgwvdlhlcp/Build/Intermediates.noindex/SwiftExplicitPrecompiledModules -clang-scanner-module-cache-path /Users/runner/Library/Developer/Xcode/DerivedData/ModuleCache.noindex -sdk-module-cache-path /Users/runner/Library/Developer/Xcode/DerivedData/ModuleCache.noindex -serialize-diagnostics -emit-dependencies -emit-module -emit-module-path /Users/runner/Library/Developer/Xcode/DerivedData/App-dlkunlcngirvvbbbeqpgwvdlhlcp/Build/Intermediates.noindex/IONFilesystemLib.build/Debug-iphonesimulator/IONFilesystemLib.build/Objects-normal/arm64/IONFilesystemLib.swiftmodule -validate-clang-modules-once -clang-build-session-file /Users/runner/Library/Developer/Xcode/DerivedData/ModuleCache.noindex/Session.modulevalidation -package-name ion_ios_filesystem -Xcc -I/Users/runner/Library/Developer/Xcode/DerivedData/App-dlkunlcngirvvbbbeqpgwvdlhlcp/Build/Intermediates.noindex/IONFilesystemLib.build/Debug-iphonesimulator/IONFilesystemLib.build/swift-overrides.hmap -emit-const-values -Xfrontend -const-gather-protocols-file -Xfrontend /Users/runner/Library/Developer/Xcode/DerivedData/App-dlkunlcngirvvbbbeqpgwvdlhlcp/Build/Intermediates.noindex/IONFilesystemLib.build/Debug-iphonesimulator/IONFilesystemLib.build/Objects-normal/arm64/IONFilesystemLib_const_extract_protocols.json -Xcc -I/Users/runner/Library/Developer/Xcode/DerivedData/App-dlkunlcngirvvbbbeqpgwvdlhlcp/Build/Products/Debug-iphonesimulator/include -Xcc -I/Users/runner/Library/Developer/Xcode/DerivedData/App-dlkunlcngirvvbbbeqpgwvdlhlcp/Build/Intermediates.noindex/IONFilesystemLib.build/Debug-iphonesimulator/IONFilesystemLib.build/DerivedSources-normal/arm64 -Xcc -I/Users/runner/Library/Developer/Xcode/DerivedData/App-dlkunlcngirvvbbbeqpgwvdlhlcp/Build/Intermediates.noindex/IONFilesystemLib.build/Debug-iphonesimulator/IONFilesystemLib.build/DerivedSources/arm64 -Xcc -I/Users/runner/Library/Developer/Xcode/DerivedData/App-dlkunlcngirvvbbbeqpgwvdlhlcp/Build/Intermediates.noindex/IONFilesystemLib.build/Debug-iphonesimulator/IONFilesystemLib.build/DerivedSources -Xcc -DSWIFT_PACKAGE -Xcc -DDEBUG\=1 -emit-objc-header -emit-objc-header-path /Users/runner/Library/Developer/Xcode/DerivedData/App-dlkunlcngirvvbbbeqpgwvdlhlcp/Build/Intermediates.noindex/IONFilesystemLib.build/Debug-iphonesimulator/IONFilesystemLib.build/Objects-normal/arm64/IONFilesystemLib-Swift.h -working-directory /Users/runner/work/Voro/Voro/ios/App/App.xcodeproj -experimental-emit-module-separately -disable-cmo

SwiftExplicitDependencyGeneratePcm arm64 /Users/runner/Library/Developer/Xcode/DerivedData/ModuleCache.noindex/_Builtin_stddef-BNZNL0NI62QXCJ9G83ZDKIDVY.pcm

SwiftExplicitDependencyGeneratePcm arm64 /Users/runner/Library/Developer/Xcode/DerivedData/ModuleCache.noindex/_Builtin_stdarg-3M8IX500OZ8LGVOEKTMGG0698.pcm

SwiftExplicitDependencyGeneratePcm arm64 /Users/runner/Library/Developer/Xcode/DerivedData/ModuleCache.noindex/_Builtin_float-BCNIWAWM5I21NQ52YE8FTCRHH.pcm

SwiftExplicitDependencyGeneratePcm arm64 /Users/runner/Library/Developer/Xcode/DerivedData/ModuleCache.noindex/_Builtin_stdbool-A65CKVZI7915I5L6SB8P8NZGC.pcm

SwiftExplicitDependencyGeneratePcm arm64 /Users/runner/Library/Developer/Xcode/DerivedData/ModuleCache.noindex/_AvailabilityInternal-1VLD81Y59RRDEH7W24O5C11YL.pcm

SwiftExplicitDependencyGeneratePcm arm64 /Users/runner/Library/Developer/Xcode/DerivedData/ModuleCache.noindex/ptrauth-4J91KJ5MN9WWGNYWAGS1CMC7F.pcm

SwiftExplicitDependencyGeneratePcm arm64 /Users/runner/Library/Developer/Xcode/DerivedData/ModuleCache.noindex/_SwiftConcurrencyShims-7LKN4K87Q8VUVGCJGZ0NHE4WH.pcm

SwiftExplicitDependencyGeneratePcm arm64 /Users/runner/Library/Developer/Xcode/DerivedData/ModuleCache.noindex/ptrcheck-4XSFGFETP3LPFNBPSS5NED8U4.pcm

SwiftExplicitDependencyGeneratePcm arm64 /Users/runner/Library/Developer/Xcode/DerivedData/ModuleCache.noindex/SwiftShims-4ILZAJD0X5XXANFI76668GQLO.pcm

SwiftExplicitDependencyGeneratePcm arm64 /Users/runner/Library/Developer/Xcode/DerivedData/ModuleCache.noindex/_DarwinFoundation1-91FCEGR8WEU45HMMODMP6BI33.pcm

SwiftExplicitDependencyGeneratePcm arm64 /Users/runner/Library/Developer/Xcode/DerivedData/ModuleCache.noindex/_DarwinFoundation2-3000U5WJQDU8WO1TIU4ITA9ON.pcm

SwiftExplicitDependencyGeneratePcm arm64 /Users/runner/Library/Developer/Xcode/DerivedData/ModuleCache.noindex/_Builtin_limits-8ZWP0SL4SA02ZXJDI7OP1S5EM.pcm

SwiftExplicitDependencyGeneratePcm arm64 /Users/runner/Library/Developer/Xcode/DerivedData/ModuleCache.noindex/_Builtin_stdint-BT46DSCOXW85RGNBKAETDJ6TK.pcm

SwiftExplicitDependencyGeneratePcm arm64 /Users/runner/Library/Developer/Xcode/DerivedData/ModuleCache.noindex/sys_types-807LMSSIH3CB140OT432WAZ5V.pcm

SwiftExplicitDependencyGeneratePcm arm64 /Users/runner/Library/Developer/Xcode/DerivedData/ModuleCache.noindex/_DarwinFoundation3-376LS7DAL51RZH6BGC38N184G.pcm

SwiftExplicitDependencyGeneratePcm arm64 /Users/runner/Library/Developer/Xcode/DerivedData/ModuleCache.noindex/_Builtin_inttypes-6212M9V31BGFOTQR4MH38QL2B.pcm

SwiftExplicitDependencyGeneratePcm arm64 /Users/runner/Library/Developer/Xcode/DerivedData/ModuleCache.noindex/Darwin-EAZ0C0DDQO4JUFDE51M96P5KD.pcm

SwiftExplicitDependencyGeneratePcm arm64 /Users/runner/Library/Developer/Xcode/DerivedData/ModuleCache.noindex/_Builtin_intrinsics-C0TBTO78KBTJC5EVJJQZ1VNUY.pcm

SwiftExplicitDependencyGeneratePcm arm64 /Users/runner/Library/Developer/Xcode/DerivedData/ModuleCache.noindex/_Builtin_tgmath-7QZ27VC716LC7HKDR738G8WNO.pcm

SwiftExplicitDependencyGeneratePcm arm64 /Users/runner/Library/Developer/Xcode/DerivedData/ModuleCache.noindex/_Builtin_stdatomic-7QB2XEZ9RXW1J610XO704M1ZF.pcm

SwiftExplicitDependencyGeneratePcm arm64 /Users/runner/Library/Developer/Xcode/DerivedData/ModuleCache.noindex/CommonCrypto-6O9XRBPRWCIY8JGDHI67DYZMQ.pcm

SwiftExplicitDependencyGeneratePcm arm64 /Users/runner/Library/Developer/Xcode/DerivedData/ModuleCache.noindex/DeveloperToolsSupport-15HTNHS6XG2JTM9CJ7886EC7O.pcm

SwiftExplicitDependencyGeneratePcm arm64 /Users/runner/Library/Developer/Xcode/DerivedData/ModuleCache.noindex/MachO-540USFMHO50WM12TOX9PI39X6.pcm

SwiftExplicitDependencyGeneratePcm arm64 /Users/runner/Library/Developer/Xcode/DerivedData/ModuleCache.noindex/ObjectiveC-37SA4B2CM3HRF0NJZ9JK9AYGA.pcm

SwiftExplicitDependencyGeneratePcm arm64 /Users/runner/Library/Developer/Xcode/DerivedData/ModuleCache.noindex/simd-8G4076MDPOL06L6UQIEB2PAAQ.pcm

SwiftExplicitDependencyGeneratePcm arm64 /Users/runner/Library/Developer/Xcode/DerivedData/ModuleCache.noindex/os_object-3JOC1VPC17A04JQBM5ZO5N56Q.pcm

SwiftExplicitDependencyGeneratePcm arm64 /Users/runner/Library/Developer/Xcode/DerivedData/ModuleCache.noindex/os_workgroup-358MW29AZSV9L1MZ7EA66R8YP.pcm

SwiftExplicitDependencyGeneratePcm arm64 /Users/runner/Library/Developer/Xcode/DerivedData/ModuleCache.noindex/Dispatch-7QV1Z97LLSX8U9Y1L4ZFJAJJQ.pcm

SwiftExplicitDependencyGeneratePcm arm64 /Users/runner/Library/Developer/Xcode/DerivedData/ModuleCache.noindex/dnssd-DT4DJ8BBYUX52BIBCNULDMNK7.pcm

SwiftExplicitDependencyGeneratePcm arm64 /Users/runner/Library/Developer/Xcode/DerivedData/ModuleCache.noindex/XPC-9VLM9PM9M6P5UJE53SDTTO3IX.pcm

SwiftExplicitDependencyGeneratePcm arm64 /Users/runner/Library/Developer/Xcode/DerivedData/ModuleCache.noindex/CoreFoundation-6YV8XNR7GCX4Z2IXWQ9W48U19.pcm

SwiftExplicitDependencyGeneratePcm arm64 /Users/runner/Library/Developer/Xcode/DerivedData/ModuleCache.noindex/os-2C6OUG4G3EKB6AGF9779U084Q.pcm

SwiftExplicitDependencyGeneratePcm arm64 /Users/runner/Library/Developer/Xcode/DerivedData/ModuleCache.noindex/Security-4PZPMXYENPCIP1VJ4CHXE0ART.pcm

SwiftExplicitDependencyGeneratePcm arm64 /Users/runner/Library/Developer/Xcode/DerivedData/ModuleCache.noindex/CFNetwork-7UXJ1K8KH2QIGT8N3P3AKUMU5.pcm

SwiftExplicitDependencyGeneratePcm arm64 /Users/runner/Library/Developer/Xcode/DerivedData/ModuleCache.noindex/CoreGraphics-6866JPQM1H5ZQMO61O9PVF9MR.pcm

SwiftExplicitDependencyGeneratePcm arm64 /Users/runner/Library/Developer/Xcode/DerivedData/ModuleCache.noindex/Foundation-BI8AOJH036CN2SY9ZZGVE9X9B.pcm

SwiftExplicitDependencyGeneratePcm arm64 /Users/runner/Library/Developer/Xcode/DerivedData/ModuleCache.noindex/CoreText-3KM7Z9LVRWGKBH57L5J6C1OP5.pcm

SwiftExplicitDependencyGeneratePcm arm64 /Users/runner/Library/Developer/Xcode/DerivedData/ModuleCache.noindex/ImageIO-5L3WWQV4ZYCH8246L8KNEDE77.pcm

SwiftExplicitDependencyGeneratePcm arm64 /Users/runner/Library/Developer/Xcode/DerivedData/ModuleCache.noindex/Spatial-1Q5HUNMYO668MMRQ64HB3UNO1.pcm

SwiftExplicitDependencyGeneratePcm arm64 /Users/runner/Library/Developer/Xcode/DerivedData/ModuleCache.noindex/DataDetection-41VWGBNPFY63I5SY499BP8GAC.pcm

SwiftEmitModule normal arm64 Emitting\ module\ for\ IONFilesystemLib (in target 'IONFilesystemLib' from project 'IONFilesystemLib')
EmitSwiftModule normal arm64 (in target 'IONFilesystemLib' from project 'IONFilesystemLib')
    cd /Users/runner/work/Voro/Voro/ios/App/App.xcodeproj
    

SwiftExplicitDependencyGeneratePcm arm64 /Users/runner/Library/Developer/Xcode/DerivedData/ModuleCache.noindex/UserNotifications-CDLGFDKBDNDH680HGSPL8OL4G.pcm

SwiftExplicitDependencyGeneratePcm arm64 /Users/runner/Library/Developer/Xcode/DerivedData/ModuleCache.noindex/Network-DC2ZF01QEKJIEY0CVS83VHVGZ.pcm

SwiftExplicitDependencyGeneratePcm arm64 /Users/runner/Library/Developer/Xcode/DerivedData/ModuleCache.noindex/Accessibility-6HMY7F94ZANHT6UD1FWIS4DWH.pcm

SwiftExplicitDependencyGeneratePcm arm64 /Users/runner/Library/Developer/Xcode/DerivedData/ModuleCache.noindex/IOSurface-3XDEQYBWI8S4GUT1530BJA5WG.pcm

SwiftExplicitDependencyGeneratePcm arm64 /Users/runner/Library/Developer/Xcode/DerivedData/ModuleCache.noindex/UniformTypeIdentifiers-AQ6ZQZ8HUDX41IR0TUMD8Q69G.pcm

SwiftExplicitDependencyGeneratePcm arm64 /Users/runner/Library/Developer/Xcode/DerivedData/ModuleCache.noindex/CoreTransferable-6YLTP2X4782ADXGVWW5I5TRXV.pcm

SwiftDriverJobDiscovery normal arm64 Emitting module for IONFilesystemLib (in target 'IONFilesystemLib' from project 'IONFilesystemLib')

SwiftDriver\ Compilation\ Requirements IONFilesystemLib normal arm64 com.apple.xcode.tools.swift.compiler (in target 'IONFilesystemLib' from project 'IONFilesystemLib')
    cd /Users/runner/work/Voro/Voro/ios/App/App.xcodeproj
    builtin-Swift-Compilation-Requirements -- /Applications/Xcode_26.6.app/Contents/Developer/Toolchains/XcodeDefault.xctoolchain/usr/bin/swiftc -module-name IONFilesystemLib -Onone @/Users/runner/Library/Developer/Xcode/DerivedData/App-dlkunlcngirvvbbbeqpgwvdlhlcp/Build/Intermediates.noindex/IONFilesystemLib.build/Debug-iphonesimulator/IONFilesystemLib.build/Objects-normal/arm64/IONFilesystemLib.SwiftFileList -DSWIFT_PACKAGE -DDEBUG -DSWIFT_MODULE_RESOURCE_BUNDLE_UNAVAILABLE -DXcode -plugin-path /Applications/Xcode_26.6.app/Contents/Developer/Toolchains/XcodeDefault.xctoolchain/usr/lib/swift/host/plugins/testing -enable-experimental-feature DebugDescriptionMacro -sdk /Applications/Xcode_26.6.app/Contents/Developer/Platforms/iPhoneSimulator.platform/Developer/SDKs/iPhoneSimulator26.5.sdk -target arm64-apple-ios14.0-simulator -g -module-cache-path /Users/runner/Library/Developer/Xcode/DerivedData/ModuleCache.noindex -Xfrontend -serialize-debugging-options -enable-testing -suppress-warnings -index-store-path /Users/runner/Library/Developer/Xcode/DerivedData/App-dlkunlcngirvvbbbeqpgwvdlhlcp/Index.noindex/DataStore -Xcc -D_LIBCPP_HARDENING_MODE\=_LIBCPP_HARDENING_MODE_DEBUG -swift-version 5 -I /Users/runner/Library/Developer/Xcode/DerivedData/App-dlkunlcngirvvbbbeqpgwvdlhlcp/Build/Products/Debug-iphonesimulator -Isystem /Applications/Xcode_26.6.app/Contents/Developer/Platforms/iPhoneSimulator.platform/Developer/usr/lib -F /Users/runner/Library/Developer/Xcode/DerivedData/App-dlkunlcngirvvbbbeqpgwvdlhlcp/Build/Products/Debug-iphonesimulator -F /Applications/Xcode_26.6.app/Contents/Developer/Platforms/iPhoneSimulator.platform/Developer/Library/Frameworks -F /Applications/Xcode_26.6.app/Contents/Developer/Platforms/iPhoneSimulator.platform/Developer/SDKs/iPhoneSimulator26.5.sdk/Developer/Library/Frameworks -c -j3 -enable-batch-mode -incremental -Xcc -ivfsstatcache -Xcc /Users/runner/Library/Developer/Xcode/DerivedData/SDKStatCaches.noindex/iphonesimulator26.5-23F81a-688ef53f1462e2c8f657fdc38a81448ff45c64a1807a658693f2a61704f17a36.sdkstatcache -output-file-map /Users/runner/Library/Developer/Xcode/DerivedData/App-dlkunlcngirvvbbbeqpgwvdlhlcp/Build/Intermediates.noindex/IONFilesystemLib.build/Debug-iphonesimulator/IONFilesystemLib.build/Objects-normal/arm64/IONFilesystemLib-OutputFileMap.json -use-frontend-parseable-output -save-temps -no-color-diagnostics -explicit-module-build -module-cache-path /Users/runner/Library/Developer/Xcode/DerivedData/App-dlkunlcngirvvbbbeqpgwvdlhlcp/Build/Intermediates.noindex/SwiftExplicitPrecompiledModules -clang-scanner-module-cache-path /Users/runner/Library/Developer/Xcode/DerivedData/ModuleCache.noindex -sdk-module-cache-path /Users/runner/Library/Developer/Xcode/DerivedData/ModuleCache.noindex -serialize-diagnostics -emit-dependencies -emit-module -emit-module-path /Users/runner/Library/Developer/Xcode/DerivedData/App-dlkunlcngirvvbbbeqpgwvdlhlcp/Build/Intermediates.noindex/IONFilesystemLib.build/Debug-iphonesimulator/IONFilesystemLib.build/Objects-normal/arm64/IONFilesystemLib.swiftmodule -validate-clang-modules-once -clang-build-session-file /Users/runner/Library/Developer/Xcode/DerivedData/ModuleCache.noindex/Session.modulevalidation -package-name ion_ios_filesystem -Xcc -I/Users/runner/Library/Developer/Xcode/DerivedData/App-dlkunlcngirvvbbbeqpgwvdlhlcp/Build/Intermediates.noindex/IONFilesystemLib.build/Debug-iphonesimulator/IONFilesystemLib.build/swift-overrides.hmap -emit-const-values -Xfrontend -const-gather-protocols-file -Xfrontend /Users/runner/Library/Developer/Xcode/DerivedData/App-dlkunlcngirvvbbbeqpgwvdlhlcp/Build/Intermediates.noindex/IONFilesystemLib.build/Debug-iphonesimulator/IONFilesystemLib.build/Objects-normal/arm64/IONFilesystemLib_const_extract_protocols.json -Xcc -I/Users/runner/Library/Developer/Xcode/DerivedData/App-dlkunlcngirvvbbbeqpgwvdlhlcp/Build/Products/Debug-iphonesimulator/include -Xcc -I/Users/runner/Library/Developer/Xcode/DerivedData/App-dlkunlcngirvvbbbeqpgwvdlhlcp/Build/Intermediates.noindex/IONFilesystemLib.build/Debug-iphonesimulator/IONFilesystemLib.build/DerivedSources-normal/arm64 -Xcc -I/Users/runner/Library/Developer/Xcode/DerivedData/App-dlkunlcngirvvbbbeqpgwvdlhlcp/Build/Intermediates.noindex/IONFilesystemLib.build/Debug-iphonesimulator/IONFilesystemLib.build/DerivedSources/arm64 -Xcc -I/Users/runner/Library/Developer/Xcode/DerivedData/App-dlkunlcngirvvbbbeqpgwvdlhlcp/Build/Intermediates.noindex/IONFilesystemLib.build/Debug-iphonesimulator/IONFilesystemLib.build/DerivedSources -Xcc -DSWIFT_PACKAGE -Xcc -DDEBUG\=1 -emit-objc-header -emit-objc-header-path /Users/runner/Library/Developer/Xcode/DerivedData/App-dlkunlcngirvvbbbeqpgwvdlhlcp/Build/Intermediates.noindex/IONFilesystemLib.build/Debug-iphonesimulator/IONFilesystemLib.build/Objects-normal/arm64/IONFilesystemLib-Swift.h -working-directory /Users/runner/work/Voro/Voro/ios/App/App.xcodeproj -experimental-emit-module-separately -disable-cmo

SwiftExplicitDependencyGeneratePcm arm64 /Users/runner/Library/Developer/Xcode/DerivedData/ModuleCache.noindex/OSLog-3CPYYPLHIERU06OYAINPK5MKS.pcm

SwiftMergeGeneratedHeaders /Users/runner/Library/Developer/Xcode/DerivedData/App-dlkunlcngirvvbbbeqpgwvdlhlcp/Build/Intermediates.noindex/GeneratedModuleMaps-iphonesimulator/IONFilesystemLib-Swift.h /Users/runner/Library/Developer/Xcode/DerivedData/App-dlkunlcngirvvbbbeqpgwvdlhlcp/Build/Intermediates.noindex/IONFilesystemLib.build/Debug-iphonesimulator/IONFilesystemLib.build/Objects-normal/arm64/IONFilesystemLib-Swift.h (in target 'IONFilesystemLib' from project 'IONFilesystemLib')
    cd /Users/runner/Library/Developer/Xcode/DerivedData/App-dlkunlcngirvvbbbeqpgwvdlhlcp/SourcePackages/checkouts/ion-ios-filesystem
    builtin-swiftHeaderTool -arch arm64 /Users/runner/Library/Developer/Xcode/DerivedData/App-dlkunlcngirvvbbbeqpgwvdlhlcp/Build/Intermediates.noindex/IONFilesystemLib.build/Debug-iphonesimulator/IONFilesystemLib.build/Objects-normal/arm64/IONFilesystemLib-Swift.h -o /Users/runner/Library/Developer/Xcode/DerivedData/App-dlkunlcngirvvbbbeqpgwvdlhlcp/Build/Intermediates.noindex/GeneratedModuleMaps-iphonesimulator/IONFilesystemLib-Swift.h

Copy /Users/runner/Library/Developer/Xcode/DerivedData/App-dlkunlcngirvvbbbeqpgwvdlhlcp/Build/Products/Debug-iphonesimulator/IONFilesystemLib.swiftmodule/arm64-apple-ios-simulator.swiftmodule /Users/runner/Library/Developer/Xcode/DerivedData/App-dlkunlcngirvvbbbeqpgwvdlhlcp/Build/Intermediates.noindex/IONFilesystemLib.build/Debug-iphonesimulator/IONFilesystemLib.build/Objects-normal/arm64/IONFilesystemLib.swiftmodule (in target 'IONFilesystemLib' from project 'IONFilesystemLib')
    cd /Users/runner/Library/Developer/Xcode/DerivedData/App-dlkunlcngirvvbbbeqpgwvdlhlcp/SourcePackages/checkouts/ion-ios-filesystem
    builtin-copy -exclude .DS_Store -exclude CVS -exclude .svn -exclude .git -exclude .hg -resolve-src-symlinks -rename /Users/runner/Library/Developer/Xcode/DerivedData/App-dlkunlcngirvvbbbeqpgwvdlhlcp/Build/Intermediates.noindex/IONFilesystemLib.build/Debug-iphonesimulator/IONFilesystemLib.build/Objects-normal/arm64/IONFilesystemLib.swiftmodule /Users/runner/Library/Developer/Xcode/DerivedData/App-dlkunlcngirvvbbbeqpgwvdlhlcp/Build/Products/Debug-iphonesimulator/IONFilesystemLib.swiftmodule/arm64-apple-ios-simulator.swiftmodule

Copy /Users/runner/Library/Developer/Xcode/DerivedData/App-dlkunlcngirvvbbbeqpgwvdlhlcp/Build/Products/Debug-iphonesimulator/IONFilesystemLib.swiftmodule/arm64-apple-ios-simulator.swiftdoc /Users/runner/Library/Developer/Xcode/DerivedData/App-dlkunlcngirvvbbbeqpgwvdlhlcp/Build/Intermediates.noindex/IONFilesystemLib.build/Debug-iphonesimulator/IONFilesystemLib.build/Objects-normal/arm64/IONFilesystemLib.swiftdoc (in target 'IONFilesystemLib' from project 'IONFilesystemLib')
    cd /Users/runner/Library/Developer/Xcode/DerivedData/App-dlkunlcngirvvbbbeqpgwvdlhlcp/SourcePackages/checkouts/ion-ios-filesystem
    builtin-copy -exclude .DS_Store -exclude CVS -exclude .svn -exclude .git -exclude .hg -resolve-src-symlinks -rename /Users/runner/Library/Developer/Xcode/DerivedData/App-dlkunlcngirvvbbbeqpgwvdlhlcp/Build/Intermediates.noindex/IONFilesystemLib.build/Debug-iphonesimulator/IONFilesystemLib.build/Objects-normal/arm64/IONFilesystemLib.swiftdoc /Users/runner/Library/Developer/Xcode/DerivedData/App-dlkunlcngirvvbbbeqpgwvdlhlcp/Build/Products/Debug-iphonesimulator/IONFilesystemLib.swiftmodule/arm64-apple-ios-simulator.swiftdoc

Copy /Users/runner/Library/Developer/Xcode/DerivedData/App-dlkunlcngirvvbbbeqpgwvdlhlcp/Build/Products/Debug-iphonesimulator/IONFilesystemLib.swiftmodule/arm64-apple-ios-simulator.abi.json /Users/runner/Library/Developer/Xcode/DerivedData/App-dlkunlcngirvvbbbeqpgwvdlhlcp/Build/Intermediates.noindex/IONFilesystemLib.build/Debug-iphonesimulator/IONFilesystemLib.build/Objects-normal/arm64/IONFilesystemLib.abi.json (in target 'IONFilesystemLib' from project 'IONFilesystemLib')
    cd /Users/runner/Library/Developer/Xcode/DerivedData/App-dlkunlcngirvvbbbeqpgwvdlhlcp/SourcePackages/checkouts/ion-ios-filesystem
    builtin-copy -exclude .DS_Store -exclude CVS -exclude .svn -exclude .git -exclude .hg -resolve-src-symlinks -rename /Users/runner/Library/Developer/Xcode/DerivedData/App-dlkunlcngirvvbbbeqpgwvdlhlcp/Build/Intermediates.noindex/IONFilesystemLib.build/Debug-iphonesimulator/IONFilesystemLib.build/Objects-normal/arm64/IONFilesystemLib.abi.json /Users/runner/Library/Developer/Xcode/DerivedData/App-dlkunlcngirvvbbbeqpgwvdlhlcp/Build/Products/Debug-iphonesimulator/IONFilesystemLib.swiftmodule/arm64-apple-ios-simulator.abi.json

Copy /Users/runner/Library/Developer/Xcode/DerivedData/App-dlkunlcngirvvbbbeqpgwvdlhlcp/Build/Products/Debug-iphonesimulator/IONFilesystemLib.swiftmodule/Project/arm64-apple-ios-simulator.swiftsourceinfo /Users/runner/Library/Developer/Xcode/DerivedData/App-dlkunlcngirvvbbbeqpgwvdlhlcp/Build/Intermediates.noindex/IONFilesystemLib.build/Debug-iphonesimulator/IONFilesystemLib.build/Objects-normal/arm64/IONFilesystemLib.swiftsourceinfo (in target 'IONFilesystemLib' from project 'IONFilesystemLib')
    cd /Users/runner/Library/Developer/Xcode/DerivedData/App-dlkunlcngirvvbbbeqpgwvdlhlcp/SourcePackages/checkouts/ion-ios-filesystem
    builtin-copy -exclude .DS_Store -exclude CVS -exclude .svn -exclude .git -exclude .hg -resolve-src-symlinks -rename /Users/runner/Library/Developer/Xcode/DerivedData/App-dlkunlcngirvvbbbeqpgwvdlhlcp/Build/Intermediates.noindex/IONFilesystemLib.build/Debug-iphonesimulator/IONFilesystemLib.build/Objects-normal/arm64/IONFilesystemLib.swiftsourceinfo /Users/runner/Library/Developer/Xcode/DerivedData/App-dlkunlcngirvvbbbeqpgwvdlhlcp/Build/Products/Debug-iphonesimulator/IONFilesystemLib.swiftmodule/Project/arm64-apple-ios-simulator.swiftsourceinfo

SwiftExplicitDependencyGeneratePcm arm64 /Users/runner/Library/Developer/Xcode/DerivedData/ModuleCache.noindex/FileProvider-CXHOA6I6H6HHY9QJ4WE3NIGJI.pcm

SwiftExplicitDependencyGeneratePcm arm64 /Users/runner/Library/Developer/Xcode/DerivedData/ModuleCache.noindex/UIUtilities-21BJIM695KG1W3BCXXQFYQ5YR.pcm

SwiftExplicitDependencyGeneratePcm arm64 /Users/runner/Library/Developer/Xcode/DerivedData/ModuleCache.noindex/Symbols-BSXVHLK8D82IRZKUKW4J201BA.pcm

SwiftExplicitDependencyGeneratePcm arm64 /Users/runner/Library/Developer/Xcode/DerivedData/ModuleCache.noindex/OpenGLES-7GQGXQWNAIKVLWEBFYHW61W87.pcm

SwiftExplicitDependencyGeneratePcm arm64 /Users/runner/Library/Developer/Xcode/DerivedData/ModuleCache.noindex/Metal-8PG3FVVAKPOZXKM1BZBW8ETS8.pcm

SwiftCompile normal arm64 Compiling\ IONFILEChunkPublisher.swift,\ IONFILEItemAttributeModel.swift,\ IONFILEManager+Enums.swift /Users/runner/Library/Developer/Xcode/DerivedData/App-dlkunlcngirvvbbbeqpgwvdlhlcp/SourcePackages/checkouts/ion-ios-filesystem/IONFilesystemLib/IONFILEChunkPublisher.swift /Users/runner/Library/Developer/Xcode/DerivedData/App-dlkunlcngirvvbbbeqpgwvdlhlcp/SourcePackages/checkouts/ion-ios-filesystem/IONFilesystemLib/IONFILEItemAttributeModel.swift /Users/runner/Library/Developer/Xcode/DerivedData/App-dlkunlcngirvvbbbeqpgwvdlhlcp/SourcePackages/checkouts/ion-ios-filesystem/IONFilesystemLib/IONFILEManager+Enums.swift (in target 'IONFilesystemLib' from project 'IONFilesystemLib')
SwiftCompile normal arm64 /Users/runner/Library/Developer/Xcode/DerivedData/App-dlkunlcngirvvbbbeqpgwvdlhlcp/SourcePackages/checkouts/ion-ios-filesystem/IONFilesystemLib/IONFILEChunkPublisher.swift (in target 'IONFilesystemLib' from project 'IONFilesystemLib')
    cd /Users/runner/work/Voro/Voro/ios/App/App.xcodeproj
    

SwiftCompile normal arm64 /Users/runner/Library/Developer/Xcode/DerivedData/App-dlkunlcngirvvbbbeqpgwvdlhlcp/SourcePackages/checkouts/ion-ios-filesystem/IONFilesystemLib/IONFILEItemAttributeModel.swift (in target 'IONFilesystemLib' from project 'IONFilesystemLib')
    cd /Users/runner/work/Voro/Voro/ios/App/App.xcodeproj
    

SwiftCompile normal arm64 /Users/runner/Library/Developer/Xcode/DerivedData/App-dlkunlcngirvvbbbeqpgwvdlhlcp/SourcePackages/checkouts/ion-ios-filesystem/IONFilesystemLib/IONFILEManager+Enums.swift (in target 'IONFilesystemLib' from project 'IONFilesystemLib')
    cd /Users/runner/work/Voro/Voro/ios/App/App.xcodeproj
    

SwiftCompile normal arm64 Compiling\ IONFILEManager.swift,\ URL+Extension.swift /Users/runner/Library/Developer/Xcode/DerivedData/App-dlkunlcngirvvbbbeqpgwvdlhlcp/SourcePackages/checkouts/ion-ios-filesystem/IONFilesystemLib/IONFILEManager.swift /Users/runner/Library/Developer/Xcode/DerivedData/App-dlkunlcngirvvbbbeqpgwvdlhlcp/SourcePackages/checkouts/ion-ios-filesystem/IONFilesystemLib/URL+Extension.swift (in target 'IONFilesystemLib' from project 'IONFilesystemLib')

SwiftCompile normal arm64 /Users/runner/Library/Developer/Xcode/DerivedData/App-dlkunlcngirvvbbbeqpgwvdlhlcp/SourcePackages/checkouts/ion-ios-filesystem/IONFilesystemLib/IONFILEManager.swift (in target 'IONFilesystemLib' from project 'IONFilesystemLib')
    cd /Users/runner/work/Voro/Voro/ios/App/App.xcodeproj
    

SwiftCompile normal arm64 /Users/runner/Library/Developer/Xcode/DerivedData/App-dlkunlcngirvvbbbeqpgwvdlhlcp/SourcePackages/checkouts/ion-ios-filesystem/IONFilesystemLib/URL+Extension.swift (in target 'IONFilesystemLib' from project 'IONFilesystemLib')
    cd /Users/runner/work/Voro/Voro/ios/App/App.xcodeproj
    

SwiftExplicitDependencyGeneratePcm arm64 /Users/runner/Library/Developer/Xcode/DerivedData/ModuleCache.noindex/CoreVideo-6J0WFBS7XAFZLYC14KM4N0FEJ.pcm

SwiftCompile normal arm64 Compiling\ IONFILEManager+Errors.swift,\ IONFILEManager+Protocols.swift /Users/runner/Library/Developer/Xcode/DerivedData/App-dlkunlcngirvvbbbeqpgwvdlhlcp/SourcePackages/checkouts/ion-ios-filesystem/IONFilesystemLib/IONFILEManager+Errors.swift /Users/runner/Library/Developer/Xcode/DerivedData/App-dlkunlcngirvvbbbeqpgwvdlhlcp/SourcePackages/checkouts/ion-ios-filesystem/IONFilesystemLib/IONFILEManager+Protocols.swift (in target 'IONFilesystemLib' from project 'IONFilesystemLib')

SwiftCompile normal arm64 /Users/runner/Library/Developer/Xcode/DerivedData/App-dlkunlcngirvvbbbeqpgwvdlhlcp/SourcePackages/checkouts/ion-ios-filesystem/IONFilesystemLib/IONFILEManager+Errors.swift (in target 'IONFilesystemLib' from project 'IONFilesystemLib')
    cd /Users/runner/work/Voro/Voro/ios/App/App.xcodeproj
    

SwiftCompile normal arm64 /Users/runner/Library/Developer/Xcode/DerivedData/App-dlkunlcngirvvbbbeqpgwvdlhlcp/SourcePackages/checkouts/ion-ios-filesystem/IONFilesystemLib/IONFILEManager+Protocols.swift (in target 'IONFilesystemLib' from project 'IONFilesystemLib')
    cd /Users/runner/work/Voro/Voro/ios/App/App.xcodeproj
    

SwiftExplicitDependencyGeneratePcm arm64 /Users/runner/Library/Developer/Xcode/DerivedData/ModuleCache.noindex/CoreImage-7LTYYFMKHTP8UE7IH8RWC3G3W.pcm

SwiftDriverJobDiscovery normal arm64 Compiling IONFILEManager+Errors.swift, IONFILEManager+Protocols.swift (in target 'IONFilesystemLib' from project 'IONFilesystemLib')

SwiftExplicitDependencyGeneratePcm arm64 /Users/runner/Library/Developer/Xcode/DerivedData/ModuleCache.noindex/QuartzCore-84MDR1PE7ZZHBNZOI9MX3A9PV.pcm

SwiftDriverJobDiscovery normal arm64 Compiling IONFILEManager.swift, URL+Extension.swift (in target 'IONFilesystemLib' from project 'IONFilesystemLib')

SwiftDriverJobDiscovery normal arm64 Compiling IONFILEChunkPublisher.swift, IONFILEItemAttributeModel.swift, IONFILEManager+Enums.swift (in target 'IONFilesystemLib' from project 'IONFilesystemLib')

SwiftDriver\ Compilation IONFilesystemLib normal arm64 com.apple.xcode.tools.swift.compiler (in target 'IONFilesystemLib' from project 'IONFilesystemLib')
    cd /Users/runner/work/Voro/Voro/ios/App/App.xcodeproj
    builtin-Swift-Compilation -- /Applications/Xcode_26.6.app/Contents/Developer/Toolchains/XcodeDefault.xctoolchain/usr/bin/swiftc -module-name IONFilesystemLib -Onone @/Users/runner/Library/Developer/Xcode/DerivedData/App-dlkunlcngirvvbbbeqpgwvdlhlcp/Build/Intermediates.noindex/IONFilesystemLib.build/Debug-iphonesimulator/IONFilesystemLib.build/Objects-normal/arm64/IONFilesystemLib.SwiftFileList -DSWIFT_PACKAGE -DDEBUG -DSWIFT_MODULE_RESOURCE_BUNDLE_UNAVAILABLE -DXcode -plugin-path /Applications/Xcode_26.6.app/Contents/Developer/Toolchains/XcodeDefault.xctoolchain/usr/lib/swift/host/plugins/testing -enable-experimental-feature DebugDescriptionMacro -sdk /Applications/Xcode_26.6.app/Contents/Developer/Platforms/iPhoneSimulator.platform/Developer/SDKs/iPhoneSimulator26.5.sdk -target arm64-apple-ios14.0-simulator -g -module-cache-path /Users/runner/Library/Developer/Xcode/DerivedData/ModuleCache.noindex -Xfrontend -serialize-debugging-options -enable-testing -suppress-warnings -index-store-path /Users/runner/Library/Developer/Xcode/DerivedData/App-dlkunlcngirvvbbbeqpgwvdlhlcp/Index.noindex/DataStore -Xcc -D_LIBCPP_HARDENING_MODE\=_LIBCPP_HARDENING_MODE_DEBUG -swift-version 5 -I /Users/runner/Library/Developer/Xcode/DerivedData/App-dlkunlcngirvvbbbeqpgwvdlhlcp/Build/Products/Debug-iphonesimulator -Isystem /Applications/Xcode_26.6.app/Contents/Developer/Platforms/iPhoneSimulator.platform/Developer/usr/lib -F /Users/runner/Library/Developer/Xcode/DerivedData/App-dlkunlcngirvvbbbeqpgwvdlhlcp/Build/Products/Debug-iphonesimulator -F /Applications/Xcode_26.6.app/Contents/Developer/Platforms/iPhoneSimulator.platform/Developer/Library/Frameworks -F /Applications/Xcode_26.6.app/Contents/Developer/Platforms/iPhoneSimulator.platform/Developer/SDKs/iPhoneSimulator26.5.sdk/Developer/Library/Frameworks -c -j3 -enable-batch-mode -incremental -Xcc -ivfsstatcache -Xcc /Users/runner/Library/Developer/Xcode/DerivedData/SDKStatCaches.noindex/iphonesimulator26.5-23F81a-688ef53f1462e2c8f657fdc38a81448ff45c64a1807a658693f2a61704f17a36.sdkstatcache -output-file-map /Users/runner/Library/Developer/Xcode/DerivedData/App-dlkunlcngirvvbbbeqpgwvdlhlcp/Build/Intermediates.noindex/IONFilesystemLib.build/Debug-iphonesimulator/IONFilesystemLib.build/Objects-normal/arm64/IONFilesystemLib-OutputFileMap.json -use-frontend-parseable-output -save-temps -no-color-diagnostics -explicit-module-build -module-cache-path /Users/runner/Library/Developer/Xcode/DerivedData/App-dlkunlcngirvvbbbeqpgwvdlhlcp/Build/Intermediates.noindex/SwiftExplicitPrecompiledModules -clang-scanner-module-cache-path /Users/runner/Library/Developer/Xcode/DerivedData/ModuleCache.noindex -sdk-module-cache-path /Users/runner/Library/Developer/Xcode/DerivedData/ModuleCache.noindex -serialize-diagnostics -emit-dependencies -emit-module -emit-module-path /Users/runner/Library/Developer/Xcode/DerivedData/App-dlkunlcngirvvbbbeqpgwvdlhlcp/Build/Intermediates.noindex/IONFilesystemLib.build/Debug-iphonesimulator/IONFilesystemLib.build/Objects-normal/arm64/IONFilesystemLib.swiftmodule -validate-clang-modules-once -clang-build-session-file /Users/runner/Library/Developer/Xcode/DerivedData/ModuleCache.noindex/Session.modulevalidation -package-name ion_ios_filesystem -Xcc -I/Users/runner/Library/Developer/Xcode/DerivedData/App-dlkunlcngirvvbbbeqpgwvdlhlcp/Build/Intermediates.noindex/IONFilesystemLib.build/Debug-iphonesimulator/IONFilesystemLib.build/swift-overrides.hmap -emit-const-values -Xfrontend -const-gather-protocols-file -Xfrontend /Users/runner/Library/Developer/Xcode/DerivedData/App-dlkunlcngirvvbbbeqpgwvdlhlcp/Build/Intermediates.noindex/IONFilesystemLib.build/Debug-iphonesimulator/IONFilesystemLib.build/Objects-normal/arm64/IONFilesystemLib_const_extract_protocols.json -Xcc -I/Users/runner/Library/Developer/Xcode/DerivedData/App-dlkunlcngirvvbbbeqpgwvdlhlcp/Build/Products/Debug-iphonesimulator/include -Xcc -I/Users/runner/Library/Developer/Xcode/DerivedData/App-dlkunlcngirvvbbbeqpgwvdlhlcp/Build/Intermediates.noindex/IONFilesystemLib.build/Debug-iphonesimulator/IONFilesystemLib.build/DerivedSources-normal/arm64 -Xcc -I/Users/runner/Library/Developer/Xcode/DerivedData/App-dlkunlcngirvvbbbeqpgwvdlhlcp/Build/Intermediates.noindex/IONFilesystemLib.build/Debug-iphonesimulator/IONFilesystemLib.build/DerivedSources/arm64 -Xcc -I/Users/runner/Library/Developer/Xcode/DerivedData/App-dlkunlcngirvvbbbeqpgwvdlhlcp/Build/Intermediates.noindex/IONFilesystemLib.build/Debug-iphonesimulator/IONFilesystemLib.build/DerivedSources -Xcc -DSWIFT_PACKAGE -Xcc -DDEBUG\=1 -emit-objc-header -emit-objc-header-path /Users/runner/Library/Developer/Xcode/DerivedData/App-dlkunlcngirvvbbbeqpgwvdlhlcp/Build/Intermediates.noindex/IONFilesystemLib.build/Debug-iphonesimulator/IONFilesystemLib.build/Objects-normal/arm64/IONFilesystemLib-Swift.h -working-directory /Users/runner/work/Voro/Voro/ios/App/App.xcodeproj -experimental-emit-module-separately -disable-cmo

Ld /Users/runner/Library/Developer/Xcode/DerivedData/App-dlkunlcngirvvbbbeqpgwvdlhlcp/Build/Products/Debug-iphonesimulator/IONFilesystemLib.o normal (in target 'IONFilesystemLib' from project 'IONFilesystemLib')
    cd /Users/runner/Library/Developer/Xcode/DerivedData/App-dlkunlcngirvvbbbeqpgwvdlhlcp/SourcePackages/checkouts/ion-ios-filesystem
    /Applications/Xcode_26.6.app/Contents/Developer/Toolchains/XcodeDefault.xctoolchain/usr/bin/clang -Xlinker -reproducible -target arm64-apple-ios14.0-simulator -r -isysroot /Applications/Xcode_26.6.app/Contents/Developer/Platforms/iPhoneSimulator.platform/Developer/SDKs/iPhoneSimulator26.5.sdk -O0 -w -F/Users/runner/Library/Developer/Xcode/DerivedData/App-dlkunlcngirvvbbbeqpgwvdlhlcp/Build/Intermediates.noindex/EagerLinkingTBDs/Debug-iphonesimulator -F/Users/runner/Library/Developer/Xcode/DerivedData/App-dlkunlcngirvvbbbeqpgwvdlhlcp/Build/Products/Debug-iphonesimulator -iframework /Applications/Xcode_26.6.app/Contents/Developer/Platforms/iPhoneSimulator.platform/Developer/Library/Frameworks -iframework /Applications/Xcode_26.6.app/Contents/Developer/Platforms/iPhoneSimulator.platform/Developer/SDKs/iPhoneSimulator26.5.sdk/Developer/Library/Frameworks -filelist /Users/runner/Library/Developer/Xcode/DerivedData/App-dlkunlcngirvvbbbeqpgwvdlhlcp/Build/Intermediates.noindex/IONFilesystemLib.build/Debug-iphonesimulator/IONFilesystemLib.build/Objects-normal/arm64/IONFilesystemLib.LinkFileList -nostdlib -Xlinker -object_path_lto -Xlinker /Users/runner/Library/Developer/Xcode/DerivedData/App-dlkunlcngirvvbbbeqpgwvdlhlcp/Build/Intermediates.noindex/IONFilesystemLib.build/Debug-iphonesimulator/IONFilesystemLib.build/Objects-normal/arm64/IONFilesystemLib_lto.o -Xlinker -no_deduplicate -Xlinker -objc_abi_version -Xlinker 2 -Xlinker -dependency_info -Xlinker /Users/runner/Library/Developer/Xcode/DerivedData/App-dlkunlcngirvvbbbeqpgwvdlhlcp/Build/Intermediates.noindex/IONFilesystemLib.build/Debug-iphonesimulator/IONFilesystemLib.build/Objects-normal/arm64/IONFilesystemLib_dependency_info.dat -fobjc-link-runtime -L/Applications/Xcode_26.6.app/Contents/Developer/Toolchains/XcodeDefault.xctoolchain/usr/lib/swift/iphonesimulator -L/usr/lib/swift -Xlinker -add_ast_path -Xlinker /Users/runner/Library/Developer/Xcode/DerivedData/App-dlkunlcngirvvbbbeqpgwvdlhlcp/Build/Intermediates.noindex/IONFilesystemLib.build/Debug-iphonesimulator/IONFilesystemLib.build/Objects-normal/arm64/IONFilesystemLib.swiftmodule @/Users/runner/Library/Developer/Xcode/DerivedData/App-dlkunlcngirvvbbbeqpgwvdlhlcp/Build/Intermediates.noindex/IONFilesystemLib.build/Debug-iphonesimulator/IONFilesystemLib.build/Objects-normal/arm64/IONFilesystemLib-linker-args.resp -o /Users/runner/Library/Developer/Xcode/DerivedData/App-dlkunlcngirvvbbbeqpgwvdlhlcp/Build/Products/Debug-iphonesimulator/IONFilesystemLib.o

SwiftExplicitDependencyGeneratePcm arm64 /Users/runner/Library/Developer/Xcode/DerivedData/ModuleCache.noindex/SwiftUICore-C8MT2P7LNHU0PBVTIN55IN2MC.pcm

SwiftExplicitDependencyGeneratePcm arm64 /Users/runner/Library/Developer/Xcode/DerivedData/ModuleCache.noindex/UIKit-A1C7AR6FP8AN6XIR6B1MCGADU.pcm

SwiftDriver FilesystemPlugin normal arm64 com.apple.xcode.tools.swift.compiler (in target 'FilesystemPlugin' from project 'CapacitorFilesystem')
    cd /Users/runner/work/Voro/Voro/ios/App/App.xcodeproj
    builtin-SwiftDriver -- /Applications/Xcode_26.6.app/Contents/Developer/Toolchains/XcodeDefault.xctoolchain/usr/bin/swiftc -module-name FilesystemPlugin -Onone @/Users/runner/Library/Developer/Xcode/DerivedData/App-dlkunlcngirvvbbbeqpgwvdlhlcp/Build/Intermediates.noindex/CapacitorFilesystem.build/Debug-iphonesimulator/FilesystemPlugin.build/Objects-normal/arm64/FilesystemPlugin.SwiftFileList -DSWIFT_PACKAGE -DDEBUG -DSWIFT_MODULE_RESOURCE_BUNDLE_UNAVAILABLE -DXcode -plugin-path /Applications/Xcode_26.6.app/Contents/Developer/Toolchains/XcodeDefault.xctoolchain/usr/lib/swift/host/plugins/testing -enable-experimental-feature DebugDescriptionMacro -sdk /Applications/Xcode_26.6.app/Contents/Developer/Platforms/iPhoneSimulator.platform/Developer/SDKs/iPhoneSimulator26.5.sdk -target arm64-apple-ios15.0-simulator -g -module-cache-path /Users/runner/Library/Developer/Xcode/DerivedData/ModuleCache.noindex -Xfrontend -serialize-debugging-options -enable-testing -suppress-warnings -index-store-path /Users/runner/Library/Developer/Xcode/DerivedData/App-dlkunlcngirvvbbbeqpgwvdlhlcp/Index.noindex/DataStore -Xcc -D_LIBCPP_HARDENING_MODE\=_LIBCPP_HARDENING_MODE_DEBUG -swift-version 5 -I /Users/runner/Library/Developer/Xcode/DerivedData/App-dlkunlcngirvvbbbeqpgwvdlhlcp/Build/Products/Debug-iphonesimulator -Isystem /Applications/Xcode_26.6.app/Contents/Developer/Platforms/iPhoneSimulator.platform/Developer/usr/lib -F /Users/runner/Library/Developer/Xcode/DerivedData/App-dlkunlcngirvvbbbeqpgwvdlhlcp/Build/Products/Debug-iphonesimulator/PackageFrameworks -F /Users/runner/Library/Developer/Xcode/DerivedData/App-dlkunlcngirvvbbbeqpgwvdlhlcp/Build/Products/Debug-iphonesimulator -F /Applications/Xcode_26.6.app/Contents/Developer/Platforms/iPhoneSimulator.platform/Developer/Library/Frameworks -F /Applications/Xcode_26.6.app/Contents/Developer/Platforms/iPhoneSimulator.platform/Developer/SDKs/iPhoneSimulator26.5.sdk/Developer/Library/Frameworks -c -j3 -enable-batch-mode -incremental -Xcc -ivfsstatcache -Xcc /Users/runner/Library/Developer/Xcode/DerivedData/SDKStatCaches.noindex/iphonesimulator26.5-23F81a-688ef53f1462e2c8f657fdc38a81448ff45c64a1807a658693f2a61704f17a36.sdkstatcache -output-file-map /Users/runner/Library/Developer/Xcode/DerivedData/App-dlkunlcngirvvbbbeqpgwvdlhlcp/Build/Intermediates.noindex/CapacitorFilesystem.build/Debug-iphonesimulator/FilesystemPlugin.build/Objects-normal/arm64/FilesystemPlugin-OutputFileMap.json -use-frontend-parseable-output -save-temps -no-color-diagnostics -explicit-module-build -module-cache-path /Users/runner/Library/Developer/Xcode/DerivedData/App-dlkunlcngirvvbbbeqpgwvdlhlcp/Build/Intermediates.noindex/SwiftExplicitPrecompiledModules -clang-scanner-module-cache-path /Users/runner/Library/Developer/Xcode/DerivedData/ModuleCache.noindex -sdk-module-cache-path /Users/runner/Library/Developer/Xcode/DerivedData/ModuleCache.noindex -serialize-diagnostics -emit-dependencies -emit-module -emit-module-path /Users/runner/Library/Developer/Xcode/DerivedData/App-dlkunlcngirvvbbbeqpgwvdlhlcp/Build/Intermediates.noindex/CapacitorFilesystem.build/Debug-iphonesimulator/FilesystemPlugin.build/Objects-normal/arm64/FilesystemPlugin.swiftmodule -validate-clang-modules-once -clang-build-session-file /Users/runner/Library/Developer/Xcode/DerivedData/ModuleCache.noindex/Session.modulevalidation -package-name filesystem -Xcc -I/Users/runner/Library/Developer/Xcode/DerivedData/App-dlkunlcngirvvbbbeqpgwvdlhlcp/Build/Intermediates.noindex/CapacitorFilesystem.build/Debug-iphonesimulator/FilesystemPlugin.build/swift-overrides.hmap -emit-const-values -Xfrontend -const-gather-protocols-file -Xfrontend /Users/runner/Library/Developer/Xcode/DerivedData/App-dlkunlcngirvvbbbeqpgwvdlhlcp/Build/Intermediates.noindex/CapacitorFilesystem.build/Debug-iphonesimulator/FilesystemPlugin.build/Objects-normal/arm64/FilesystemPlugin_const_extract_protocols.json -Xcc -I/Users/runner/Library/Developer/Xcode/DerivedData/App-dlkunlcngirvvbbbeqpgwvdlhlcp/Build/Products/Debug-iphonesimulator/include -Xcc -I/Users/runner/Library/Developer/Xcode/DerivedData/App-dlkunlcngirvvbbbeqpgwvdlhlcp/Build/Intermediates.noindex/CapacitorFilesystem.build/Debug-iphonesimulator/FilesystemPlugin.build/DerivedSources-normal/arm64 -Xcc -I/Users/runner/Library/Developer/Xcode/DerivedData/App-dlkunlcngirvvbbbeqpgwvdlhlcp/Build/Intermediates.noindex/CapacitorFilesystem.build/Debug-iphonesimulator/FilesystemPlugin.build/DerivedSources/arm64 -Xcc -I/Users/runner/Library/Developer/Xcode/DerivedData/App-dlkunlcngirvvbbbeqpgwvdlhlcp/Build/Intermediates.noindex/CapacitorFilesystem.build/Debug-iphonesimulator/FilesystemPlugin.build/DerivedSources -Xcc -DSWIFT_PACKAGE -Xcc -DDEBUG\=1 -emit-objc-header -emit-objc-header-path /Users/runner/Library/Developer/Xcode/DerivedData/App-dlkunlcngirvvbbbeqpgwvdlhlcp/Build/Intermediates.noindex/CapacitorFilesystem.build/Debug-iphonesimulator/FilesystemPlugin.build/Objects-normal/arm64/FilesystemPlugin-Swift.h -working-directory /Users/runner/work/Voro/Voro/ios/App/App.xcodeproj -experimental-emit-module-separately -disable-cmo

ExtractAppIntentsMetadata (in target 'IONFilesystemLib' from project 'IONFilesystemLib')
    cd /Users/runner/Library/Developer/Xcode/DerivedData/App-dlkunlcngirvvbbbeqpgwvdlhlcp/SourcePackages/checkouts/ion-ios-filesystem
    /Applications/Xcode_26.6.app/Contents/Developer/Toolchains/XcodeDefault.xctoolchain/usr/bin/appintentsmetadataprocessor --toolchain-dir /var/run/com.apple.security.cryptexd/mnt/com.apple.MobileAsset.MetalToolchain-v17.6.109.0.i19eCT/Metal.xctoolchain --module-name IONFilesystemLib --sdk-root /Applications/Xcode_26.6.app/Contents/Developer/Platforms/iPhoneSimulator.platform/Developer/SDKs/iPhoneSimulator26.5.sdk --xcode-version 17F113 --platform-family iOS --deployment-target 14.0 --bundle-identifier ion-ios-filesystem.IONFilesystemLib --output /Users/runner/Library/Developer/Xcode/DerivedData/App-dlkunlcngirvvbbbeqpgwvdlhlcp/Build/Products/Debug-iphonesimulator/IONFilesystemLib.appintents --target-triple arm64-apple-ios14.0-simulator --binary-file /Users/runner/Library/Developer/Xcode/DerivedData/App-dlkunlcngirvvbbbeqpgwvdlhlcp/Build/Products/Debug-iphonesimulator/IONFilesystemLib.o --dependency-file /Users/runner/Library/Developer/Xcode/DerivedData/App-dlkunlcngirvvbbbeqpgwvdlhlcp/Build/Intermediates.noindex/IONFilesystemLib.build/Debug-iphonesimulator/IONFilesystemLib.build/Objects-normal/arm64/IONFilesystemLib_dependency_info.dat --stringsdata-file /Users/runner/Library/Developer/Xcode/DerivedData/App-dlkunlcngirvvbbbeqpgwvdlhlcp/Build/Intermediates.noindex/IONFilesystemLib.build/Debug-iphonesimulator/IONFilesystemLib.build/Objects-normal/arm64/ExtractedAppShortcutsMetadata.stringsdata --source-file-list /Users/runner/Library/Developer/Xcode/DerivedData/App-dlkunlcngirvvbbbeqpgwvdlhlcp/Build/Intermediates.noindex/IONFilesystemLib.build/Debug-iphonesimulator/IONFilesystemLib.build/Objects-normal/arm64/IONFilesystemLib.SwiftFileList --metadata-file-list /Users/runner/Library/Developer/Xcode/DerivedData/App-dlkunlcngirvvbbbeqpgwvdlhlcp/Build/Intermediates.noindex/IONFilesystemLib.build/Debug-iphonesimulator/IONFilesystemLib.build/IONFilesystemLib.DependencyMetadataFileList --static-metadata-file-list /Users/runner/Library/Developer/Xcode/DerivedData/App-dlkunlcngirvvbbbeqpgwvdlhlcp/Build/Intermediates.noindex/IONFilesystemLib.build/Debug-iphonesimulator/IONFilesystemLib.build/IONFilesystemLib.DependencyStaticMetadataFileList --swift-const-vals-list /Users/runner/Library/Developer/Xcode/DerivedData/App-dlkunlcngirvvbbbeqpgwvdlhlcp/Build/Intermediates.noindex/IONFilesystemLib.build/Debug-iphonesimulator/IONFilesystemLib.build/Objects-normal/arm64/IONFilesystemLib.SwiftConstValuesFileList --force --compile-time-extraction --deployment-aware-processing --validate-assistant-intents --no-app-shortcuts-localization
2026-09-28 20:14:25.174 appintentsmetadataprocessor[12225:42690] Starting appintentsmetadataprocessor export
2026-09-28 20:14:25.307 appintentsmetadataprocessor[12225:42690] Extracted no relevant App Intents symbols, skipping writing output

RegisterExecutionPolicyException /Users/runner/Library/Developer/Xcode/DerivedData/App-dlkunlcngirvvbbbeqpgwvdlhlcp/Build/Products/Debug-iphonesimulator/IONFilesystemLib.o (in target 'IONFilesystemLib' from project 'IONFilesystemLib')
    cd /Users/runner/Library/Developer/Xcode/DerivedData/App-dlkunlcngirvvbbbeqpgwvdlhlcp/SourcePackages/checkouts/ion-ios-filesystem
    builtin-RegisterExecutionPolicyException /Users/runner/Library/Developer/Xcode/DerivedData/App-dlkunlcngirvvbbbeqpgwvdlhlcp/Build/Products/Debug-iphonesimulator/IONFilesystemLib.o

SwiftExplicitDependencyGeneratePcm arm64 /Users/runner/Library/Developer/Xcode/DerivedData/ModuleCache.noindex/WebKit-CTXPSFV4GMUF6KM67CY7O4G38.pcm

SwiftExplicitDependencyGeneratePcm arm64 /Users/runner/Library/Developer/Xcode/DerivedData/App-dlkunlcngirvvbbbeqpgwvdlhlcp/Build/Intermediates.noindex/SwiftExplicitPrecompiledModules/Cordova-4U7QLX0V7007MWPZV20FN0FCT.pcm

SwiftExplicitDependencyGeneratePcm arm64 /Users/runner/Library/Developer/Xcode/DerivedData/App-dlkunlcngirvvbbbeqpgwvdlhlcp/Build/Intermediates.noindex/SwiftExplicitPrecompiledModules/Capacitor-5SGVZ4DGSAOXXFRLPYQV89K46.pcm

SwiftExplicitDependencyCompileModuleFromInterface arm64 /Users/runner/Library/Developer/Xcode/DerivedData/App-dlkunlcngirvvbbbeqpgwvdlhlcp/Build/Intermediates.noindex/SwiftExplicitPrecompiledModules/Capacitor-ZECB6CKLHTLX.swiftmodule

SwiftEmitModule normal arm64 Emitting\ module\ for\ SharePlugin (in target 'SharePlugin' from project 'CapacitorShare')

SwiftCompile normal arm64 /Users/runner/work/Voro/Voro/node_modules/@capacitor/share/ios/Sources/SharePlugin/SharePlugin.swift (in target 'SharePlugin' from project 'CapacitorShare')
    cd /Users/runner/work/Voro/Voro/ios/App/App.xcodeproj
    

SwiftCompile normal arm64 Compiling\ SharePlugin.swift /Users/runner/work/Voro/Voro/node_modules/@capacitor/share/ios/Sources/SharePlugin/SharePlugin.swift (in target 'SharePlugin' from project 'CapacitorShare')
SwiftCompile normal arm64 /Users/runner/work/Voro/Voro/node_modules/@capacitor/share/ios/Sources/SharePlugin/SharePlugin.swift (in target 'SharePlugin' from project 'CapacitorShare')
    cd /Users/runner/work/Voro/Voro/ios/App/App.xcodeproj
    

SwiftEmitModule normal arm64 Emitting\ module\ for\ FilesystemPlugin (in target 'FilesystemPlugin' from project 'CapacitorFilesystem')
EmitSwiftModule normal arm64 (in target 'FilesystemPlugin' from project 'CapacitorFilesystem')
    cd /Users/runner/work/Voro/Voro/ios/App/App.xcodeproj
    

SwiftCompile normal arm64 Compiling\ FilesystemPlugin.swift,\ IONFileStructures+Converters.swift,\ LegacyFilesystemImplementation.swift /Users/runner/work/Voro/Voro/node_modules/@capacitor/filesystem/ios/Sources/FilesystemPlugin/FilesystemPlugin.swift /Users/runner/work/Voro/Voro/node_modules/@capacitor/filesystem/ios/Sources/FilesystemPlugin/IONFileStructures+Converters.swift /Users/runner/work/Voro/Voro/node_modules/@capacitor/filesystem/ios/Sources/FilesystemPlugin/LegacyFilesystemImplementation.swift (in target 'FilesystemPlugin' from project 'CapacitorFilesystem')
SwiftCompile normal arm64 /Users/runner/work/Voro/Voro/node_modules/@capacitor/filesystem/ios/Sources/FilesystemPlugin/FilesystemPlugin.swift (in target 'FilesystemPlugin' from project 'CapacitorFilesystem')
    cd /Users/runner/work/Voro/Voro/ios/App/App.xcodeproj
    

SwiftCompile normal arm64 /Users/runner/work/Voro/Voro/node_modules/@capacitor/filesystem/ios/Sources/FilesystemPlugin/IONFileStructures+Converters.swift (in target 'FilesystemPlugin' from project 'CapacitorFilesystem')
    cd /Users/runner/work/Voro/Voro/ios/App/App.xcodeproj
    

SwiftCompile normal arm64 /Users/runner/work/Voro/Voro/node_modules/@capacitor/filesystem/ios/Sources/FilesystemPlugin/LegacyFilesystemImplementation.swift (in target 'FilesystemPlugin' from project 'CapacitorFilesystem')
    cd /Users/runner/work/Voro/Voro/ios/App/App.xcodeproj
    

SwiftDriverJobDiscovery normal arm64 Emitting module for SharePlugin (in target 'SharePlugin' from project 'CapacitorShare')

SwiftDriver\ Compilation\ Requirements SharePlugin normal arm64 com.apple.xcode.tools.swift.compiler (in target 'SharePlugin' from project 'CapacitorShare')
    cd /Users/runner/work/Voro/Voro/ios/App/App.xcodeproj
    builtin-Swift-Compilation-Requirements -- /Applications/Xcode_26.6.app/Contents/Developer/Toolchains/XcodeDefault.xctoolchain/usr/bin/swiftc -module-name SharePlugin -Onone @/Users/runner/Library/Developer/Xcode/DerivedData/App-dlkunlcngirvvbbbeqpgwvdlhlcp/Build/Intermediates.noindex/CapacitorShare.build/Debug-iphonesimulator/SharePlugin.build/Objects-normal/arm64/SharePlugin.SwiftFileList -DSWIFT_PACKAGE -DDEBUG -DSWIFT_MODULE_RESOURCE_BUNDLE_UNAVAILABLE -DXcode -plugin-path /Applications/Xcode_26.6.app/Contents/Developer/Toolchains/XcodeDefault.xctoolchain/usr/lib/swift/host/plugins/testing -enable-experimental-feature DebugDescriptionMacro -sdk /Applications/Xcode_26.6.app/Contents/Developer/Platforms/iPhoneSimulator.platform/Developer/SDKs/iPhoneSimulator26.5.sdk -target arm64-apple-ios15.0-simulator -g -module-cache-path /Users/runner/Library/Developer/Xcode/DerivedData/ModuleCache.noindex -Xfrontend -serialize-debugging-options -enable-testing -suppress-warnings -index-store-path /Users/runner/Library/Developer/Xcode/DerivedData/App-dlkunlcngirvvbbbeqpgwvdlhlcp/Index.noindex/DataStore -Xcc -D_LIBCPP_HARDENING_MODE\=_LIBCPP_HARDENING_MODE_DEBUG -swift-version 5 -I /Users/runner/Library/Developer/Xcode/DerivedData/App-dlkunlcngirvvbbbeqpgwvdlhlcp/Build/Products/Debug-iphonesimulator -Isystem /Applications/Xcode_26.6.app/Contents/Developer/Platforms/iPhoneSimulator.platform/Developer/usr/lib -F /Users/runner/Library/Developer/Xcode/DerivedData/App-dlkunlcngirvvbbbeqpgwvdlhlcp/Build/Products/Debug-iphonesimulator -F /Applications/Xcode_26.6.app/Contents/Developer/Platforms/iPhoneSimulator.platform/Developer/Library/Frameworks -F /Applications/Xcode_26.6.app/Contents/Developer/Platforms/iPhoneSimulator.platform/Developer/SDKs/iPhoneSimulator26.5.sdk/Developer/Library/Frameworks -parse-as-library -c -j3 -enable-batch-mode -incremental -Xcc -ivfsstatcache -Xcc /Users/runner/Library/Developer/Xcode/DerivedData/SDKStatCaches.noindex/iphonesimulator26.5-23F81a-688ef53f1462e2c8f657fdc38a81448ff45c64a1807a658693f2a61704f17a36.sdkstatcache -output-file-map /Users/runner/Library/Developer/Xcode/DerivedData/App-dlkunlcngirvvbbbeqpgwvdlhlcp/Build/Intermediates.noindex/CapacitorShare.build/Debug-iphonesimulator/SharePlugin.build/Objects-normal/arm64/SharePlugin-OutputFileMap.json -use-frontend-parseable-output -save-temps -no-color-diagnostics -explicit-module-build -module-cache-path /Users/runner/Library/Developer/Xcode/DerivedData/App-dlkunlcngirvvbbbeqpgwvdlhlcp/Build/Intermediates.noindex/SwiftExplicitPrecompiledModules -clang-scanner-module-cache-path /Users/runner/Library/Developer/Xcode/DerivedData/ModuleCache.noindex -sdk-module-cache-path /Users/runner/Library/Developer/Xcode/DerivedData/ModuleCache.noindex -serialize-diagnostics -emit-dependencies -emit-module -emit-module-path /Users/runner/Library/Developer/Xcode/DerivedData/App-dlkunlcngirvvbbbeqpgwvdlhlcp/Build/Intermediates.noindex/CapacitorShare.build/Debug-iphonesimulator/SharePlugin.build/Objects-normal/arm64/SharePlugin.swiftmodule -validate-clang-modules-once -clang-build-session-file /Users/runner/Library/Developer/Xcode/DerivedData/ModuleCache.noindex/Session.modulevalidation -package-name share -Xcc -I/Users/runner/Library/Developer/Xcode/DerivedData/App-dlkunlcngirvvbbbeqpgwvdlhlcp/Build/Intermediates.noindex/CapacitorShare.build/Debug-iphonesimulator/SharePlugin.build/swift-overrides.hmap -emit-const-values -Xfrontend -const-gather-protocols-file -Xfrontend /Users/runner/Library/Developer/Xcode/DerivedData/App-dlkunlcngirvvbbbeqpgwvdlhlcp/Build/Intermediates.noindex/CapacitorShare.build/Debug-iphonesimulator/SharePlugin.build/Objects-normal/arm64/SharePlugin_const_extract_protocols.json -Xcc -I/Users/runner/Library/Developer/Xcode/DerivedData/App-dlkunlcngirvvbbbeqpgwvdlhlcp/Build/Products/Debug-iphonesimulator/include -Xcc -I/Users/runner/Library/Developer/Xcode/DerivedData/App-dlkunlcngirvvbbbeqpgwvdlhlcp/Build/Intermediates.noindex/CapacitorShare.build/Debug-iphonesimulator/SharePlugin.build/DerivedSources-normal/arm64 -Xcc -I/Users/runner/Library/Developer/Xcode/DerivedData/App-dlkunlcngirvvbbbeqpgwvdlhlcp/Build/Intermediates.noindex/CapacitorShare.build/Debug-iphonesimulator/SharePlugin.build/DerivedSources/arm64 -Xcc -I/Users/runner/Library/Developer/Xcode/DerivedData/App-dlkunlcngirvvbbbeqpgwvdlhlcp/Build/Intermediates.noindex/CapacitorShare.build/Debug-iphonesimulator/SharePlugin.build/DerivedSources -Xcc -DSWIFT_PACKAGE -Xcc -DDEBUG\=1 -emit-objc-header -emit-objc-header-path /Users/runner/Library/Developer/Xcode/DerivedData/App-dlkunlcngirvvbbbeqpgwvdlhlcp/Build/Intermediates.noindex/CapacitorShare.build/Debug-iphonesimulator/SharePlugin.build/Objects-normal/arm64/SharePlugin-Swift.h -working-directory /Users/runner/work/Voro/Voro/ios/App/App.xcodeproj -experimental-emit-module-separately -disable-cmo

SwiftDriverJobDiscovery normal arm64 Compiling SharePlugin.swift (in target 'SharePlugin' from project 'CapacitorShare')

SwiftCompile normal arm64 Compiling\ FilesystemLocationResolver.swift,\ FilesystemOperation.swift,\ FilesystemOperationExecutor.swift /Users/runner/work/Voro/Voro/node_modules/@capacitor/filesystem/ios/Sources/FilesystemPlugin/FilesystemLocationResolver.swift /Users/runner/work/Voro/Voro/node_modules/@capacitor/filesystem/ios/Sources/FilesystemPlugin/FilesystemOperation.swift /Users/runner/work/Voro/Voro/node_modules/@capacitor/filesystem/ios/Sources/FilesystemPlugin/FilesystemOperationExecutor.swift (in target 'FilesystemPlugin' from project 'CapacitorFilesystem')

SwiftCompile normal arm64 /Users/runner/work/Voro/Voro/node_modules/@capacitor/filesystem/ios/Sources/FilesystemPlugin/FilesystemLocationResolver.swift (in target 'FilesystemPlugin' from project 'CapacitorFilesystem')
    cd /Users/runner/work/Voro/Voro/ios/App/App.xcodeproj
    

SwiftCompile normal arm64 /Users/runner/work/Voro/Voro/node_modules/@capacitor/filesystem/ios/Sources/FilesystemPlugin/FilesystemOperation.swift (in target 'FilesystemPlugin' from project 'CapacitorFilesystem')
    cd /Users/runner/work/Voro/Voro/ios/App/App.xcodeproj
    

SwiftCompile normal arm64 /Users/runner/work/Voro/Voro/node_modules/@capacitor/filesystem/ios/Sources/FilesystemPlugin/FilesystemOperationExecutor.swift (in target 'FilesystemPlugin' from project 'CapacitorFilesystem')
    cd /Users/runner/work/Voro/Voro/ios/App/App.xcodeproj
    

SwiftCompile normal arm64 Compiling\ CAPPluginCall+Accelerators.swift,\ FilesystemConstants.swift,\ FilesystemError.swift /Users/runner/work/Voro/Voro/node_modules/@capacitor/filesystem/ios/Sources/FilesystemPlugin/CAPPluginCall+Accelerators.swift /Users/runner/work/Voro/Voro/node_modules/@capacitor/filesystem/ios/Sources/FilesystemPlugin/FilesystemConstants.swift /Users/runner/work/Voro/Voro/node_modules/@capacitor/filesystem/ios/Sources/FilesystemPlugin/FilesystemError.swift (in target 'FilesystemPlugin' from project 'CapacitorFilesystem')

SwiftCompile normal arm64 /Users/runner/work/Voro/Voro/node_modules/@capacitor/filesystem/ios/Sources/FilesystemPlugin/CAPPluginCall+Accelerators.swift (in target 'FilesystemPlugin' from project 'CapacitorFilesystem')
    cd /Users/runner/work/Voro/Voro/ios/App/App.xcodeproj
    

SwiftCompile normal arm64 /Users/runner/work/Voro/Voro/node_modules/@capacitor/filesystem/ios/Sources/FilesystemPlugin/FilesystemConstants.swift (in target 'FilesystemPlugin' from project 'CapacitorFilesystem')
    cd /Users/runner/work/Voro/Voro/ios/App/App.xcodeproj
    

SwiftCompile normal arm64 /Users/runner/work/Voro/Voro/node_modules/@capacitor/filesystem/ios/Sources/FilesystemPlugin/FilesystemError.swift (in target 'FilesystemPlugin' from project 'CapacitorFilesystem')
    cd /Users/runner/work/Voro/Voro/ios/App/App.xcodeproj
    

SwiftDriverJobDiscovery normal arm64 Emitting module for FilesystemPlugin (in target 'FilesystemPlugin' from project 'CapacitorFilesystem')

SwiftMergeGeneratedHeaders /Users/runner/Library/Developer/Xcode/DerivedData/App-dlkunlcngirvvbbbeqpgwvdlhlcp/Build/Intermediates.noindex/GeneratedModuleMaps-iphonesimulator/SharePlugin-Swift.h /Users/runner/Library/Developer/Xcode/DerivedData/App-dlkunlcngirvvbbbeqpgwvdlhlcp/Build/Intermediates.noindex/CapacitorShare.build/Debug-iphonesimulator/SharePlugin.build/Objects-normal/arm64/SharePlugin-Swift.h (in target 'SharePlugin' from project 'CapacitorShare')
    cd /Users/runner/work/Voro/Voro/node_modules/@capacitor/share
    builtin-swiftHeaderTool -arch arm64 /Users/runner/Library/Developer/Xcode/DerivedData/App-dlkunlcngirvvbbbeqpgwvdlhlcp/Build/Intermediates.noindex/CapacitorShare.build/Debug-iphonesimulator/SharePlugin.build/Objects-normal/arm64/SharePlugin-Swift.h -o /Users/runner/Library/Developer/Xcode/DerivedData/App-dlkunlcngirvvbbbeqpgwvdlhlcp/Build/Intermediates.noindex/GeneratedModuleMaps-iphonesimulator/SharePlugin-Swift.h

SwiftDriverJobDiscovery normal arm64 Compiling CAPPluginCall+Accelerators.swift, FilesystemConstants.swift, FilesystemError.swift (in target 'FilesystemPlugin' from project 'CapacitorFilesystem')

Copy /Users/runner/Library/Developer/Xcode/DerivedData/App-dlkunlcngirvvbbbeqpgwvdlhlcp/Build/Products/Debug-iphonesimulator/SharePlugin.swiftmodule/arm64-apple-ios-simulator.swiftmodule /Users/runner/Library/Developer/Xcode/DerivedData/App-dlkunlcngirvvbbbeqpgwvdlhlcp/Build/Intermediates.noindex/CapacitorShare.build/Debug-iphonesimulator/SharePlugin.build/Objects-normal/arm64/SharePlugin.swiftmodule (in target 'SharePlugin' from project 'CapacitorShare')
    cd /Users/runner/work/Voro/Voro/node_modules/@capacitor/share
    builtin-copy -exclude .DS_Store -exclude CVS -exclude .svn -exclude .git -exclude .hg -resolve-src-symlinks -rename /Users/runner/Library/Developer/Xcode/DerivedData/App-dlkunlcngirvvbbbeqpgwvdlhlcp/Build/Intermediates.noindex/CapacitorShare.build/Debug-iphonesimulator/SharePlugin.build/Objects-normal/arm64/SharePlugin.swiftmodule /Users/runner/Library/Developer/Xcode/DerivedData/App-dlkunlcngirvvbbbeqpgwvdlhlcp/Build/Products/Debug-iphonesimulator/SharePlugin.swiftmodule/arm64-apple-ios-simulator.swiftmodule

Copy /Users/runner/Library/Developer/Xcode/DerivedData/App-dlkunlcngirvvbbbeqpgwvdlhlcp/Build/Products/Debug-iphonesimulator/SharePlugin.swiftmodule/arm64-apple-ios-simulator.swiftdoc /Users/runner/Library/Developer/Xcode/DerivedData/App-dlkunlcngirvvbbbeqpgwvdlhlcp/Build/Intermediates.noindex/CapacitorShare.build/Debug-iphonesimulator/SharePlugin.build/Objects-normal/arm64/SharePlugin.swiftdoc (in target 'SharePlugin' from project 'CapacitorShare')
    cd /Users/runner/work/Voro/Voro/node_modules/@capacitor/share
    builtin-copy -exclude .DS_Store -exclude CVS -exclude .svn -exclude .git -exclude .hg -resolve-src-symlinks -rename /Users/runner/Library/Developer/Xcode/DerivedData/App-dlkunlcngirvvbbbeqpgwvdlhlcp/Build/Intermediates.noindex/CapacitorShare.build/Debug-iphonesimulator/SharePlugin.build/Objects-normal/arm64/SharePlugin.swiftdoc /Users/runner/Library/Developer/Xcode/DerivedData/App-dlkunlcngirvvbbbeqpgwvdlhlcp/Build/Products/Debug-iphonesimulator/SharePlugin.swiftmodule/arm64-apple-ios-simulator.swiftdoc

Copy /Users/runner/Library/Developer/Xcode/DerivedData/App-dlkunlcngirvvbbbeqpgwvdlhlcp/Build/Products/Debug-iphonesimulator/SharePlugin.swiftmodule/arm64-apple-ios-simulator.abi.json /Users/runner/Library/Developer/Xcode/DerivedData/App-dlkunlcngirvvbbbeqpgwvdlhlcp/Build/Intermediates.noindex/CapacitorShare.build/Debug-iphonesimulator/SharePlugin.build/Objects-normal/arm64/SharePlugin.abi.json (in target 'SharePlugin' from project 'CapacitorShare')
    cd /Users/runner/work/Voro/Voro/node_modules/@capacitor/share
    builtin-copy -exclude .DS_Store -exclude CVS -exclude .svn -exclude .git -exclude .hg -resolve-src-symlinks -rename /Users/runner/Library/Developer/Xcode/DerivedData/App-dlkunlcngirvvbbbeqpgwvdlhlcp/Build/Intermediates.noindex/CapacitorShare.build/Debug-iphonesimulator/SharePlugin.build/Objects-normal/arm64/SharePlugin.abi.json /Users/runner/Library/Developer/Xcode/DerivedData/App-dlkunlcngirvvbbbeqpgwvdlhlcp/Build/Products/Debug-iphonesimulator/SharePlugin.swiftmodule/arm64-apple-ios-simulator.abi.json

Copy /Users/runner/Library/Developer/Xcode/DerivedData/App-dlkunlcngirvvbbbeqpgwvdlhlcp/Build/Products/Debug-iphonesimulator/SharePlugin.swiftmodule/Project/arm64-apple-ios-simulator.swiftsourceinfo /Users/runner/Library/Developer/Xcode/DerivedData/App-dlkunlcngirvvbbbeqpgwvdlhlcp/Build/Intermediates.noindex/CapacitorShare.build/Debug-iphonesimulator/SharePlugin.build/Objects-normal/arm64/SharePlugin.swiftsourceinfo (in target 'SharePlugin' from project 'CapacitorShare')
    cd /Users/runner/work/Voro/Voro/node_modules/@capacitor/share
    builtin-copy -exclude .DS_Store -exclude CVS -exclude .svn -exclude .git -exclude .hg -resolve-src-symlinks -rename /Users/runner/Library/Developer/Xcode/DerivedData/App-dlkunlcngirvvbbbeqpgwvdlhlcp/Build/Intermediates.noindex/CapacitorShare.build/Debug-iphonesimulator/SharePlugin.build/Objects-normal/arm64/SharePlugin.swiftsourceinfo /Users/runner/Library/Developer/Xcode/DerivedData/App-dlkunlcngirvvbbbeqpgwvdlhlcp/Build/Products/Debug-iphonesimulator/SharePlugin.swiftmodule/Project/arm64-apple-ios-simulator.swiftsourceinfo

SwiftDriver\ Compilation\ Requirements FilesystemPlugin normal arm64 com.apple.xcode.tools.swift.compiler (in target 'FilesystemPlugin' from project 'CapacitorFilesystem')
    cd /Users/runner/work/Voro/Voro/ios/App/App.xcodeproj
    builtin-Swift-Compilation-Requirements -- /Applications/Xcode_26.6.app/Contents/Developer/Toolchains/XcodeDefault.xctoolchain/usr/bin/swiftc -module-name FilesystemPlugin -Onone @/Users/runner/Library/Developer/Xcode/DerivedData/App-dlkunlcngirvvbbbeqpgwvdlhlcp/Build/Intermediates.noindex/CapacitorFilesystem.build/Debug-iphonesimulator/FilesystemPlugin.build/Objects-normal/arm64/FilesystemPlugin.SwiftFileList -DSWIFT_PACKAGE -DDEBUG -DSWIFT_MODULE_RESOURCE_BUNDLE_UNAVAILABLE -DXcode -plugin-path /Applications/Xcode_26.6.app/Contents/Developer/Toolchains/XcodeDefault.xctoolchain/usr/lib/swift/host/plugins/testing -enable-experimental-feature DebugDescriptionMacro -sdk /Applications/Xcode_26.6.app/Contents/Developer/Platforms/iPhoneSimulator.platform/Developer/SDKs/iPhoneSimulator26.5.sdk -target arm64-apple-ios15.0-simulator -g -module-cache-path /Users/runner/Library/Developer/Xcode/DerivedData/ModuleCache.noindex -Xfrontend -serialize-debugging-options -enable-testing -suppress-warnings -index-store-path /Users/runner/Library/Developer/Xcode/DerivedData/App-dlkunlcngirvvbbbeqpgwvdlhlcp/Index.noindex/DataStore -Xcc -D_LIBCPP_HARDENING_MODE\=_LIBCPP_HARDENING_MODE_DEBUG -swift-version 5 -I /Users/runner/Library/Developer/Xcode/DerivedData/App-dlkunlcngirvvbbbeqpgwvdlhlcp/Build/Products/Debug-iphonesimulator -Isystem /Applications/Xcode_26.6.app/Contents/Developer/Platforms/iPhoneSimulator.platform/Developer/usr/lib -F /Users/runner/Library/Developer/Xcode/DerivedData/App-dlkunlcngirvvbbbeqpgwvdlhlcp/Build/Products/Debug-iphonesimulator/PackageFrameworks -F /Users/runner/Library/Developer/Xcode/DerivedData/App-dlkunlcngirvvbbbeqpgwvdlhlcp/Build/Products/Debug-iphonesimulator -F /Applications/Xcode_26.6.app/Contents/Developer/Platforms/iPhoneSimulator.platform/Developer/Library/Frameworks -F /Applications/Xcode_26.6.app/Contents/Developer/Platforms/iPhoneSimulator.platform/Developer/SDKs/iPhoneSimulator26.5.sdk/Developer/Library/Frameworks -c -j3 -enable-batch-mode -incremental -Xcc -ivfsstatcache -Xcc /Users/runner/Library/Developer/Xcode/DerivedData/SDKStatCaches.noindex/iphonesimulator26.5-23F81a-688ef53f1462e2c8f657fdc38a81448ff45c64a1807a658693f2a61704f17a36.sdkstatcache -output-file-map /Users/runner/Library/Developer/Xcode/DerivedData/App-dlkunlcngirvvbbbeqpgwvdlhlcp/Build/Intermediates.noindex/CapacitorFilesystem.build/Debug-iphonesimulator/FilesystemPlugin.build/Objects-normal/arm64/FilesystemPlugin-OutputFileMap.json -use-frontend-parseable-output -save-temps -no-color-diagnostics -explicit-module-build -module-cache-path /Users/runner/Library/Developer/Xcode/DerivedData/App-dlkunlcngirvvbbbeqpgwvdlhlcp/Build/Intermediates.noindex/SwiftExplicitPrecompiledModules -clang-scanner-module-cache-path /Users/runner/Library/Developer/Xcode/DerivedData/ModuleCache.noindex -sdk-module-cache-path /Users/runner/Library/Developer/Xcode/DerivedData/ModuleCache.noindex -serialize-diagnostics -emit-dependencies -emit-module -emit-module-path /Users/runner/Library/Developer/Xcode/DerivedData/App-dlkunlcngirvvbbbeqpgwvdlhlcp/Build/Intermediates.noindex/CapacitorFilesystem.build/Debug-iphonesimulator/FilesystemPlugin.build/Objects-normal/arm64/FilesystemPlugin.swiftmodule -validate-clang-modules-once -clang-build-session-file /Users/runner/Library/Developer/Xcode/DerivedData/ModuleCache.noindex/Session.modulevalidation -package-name filesystem -Xcc -I/Users/runner/Library/Developer/Xcode/DerivedData/App-dlkunlcngirvvbbbeqpgwvdlhlcp/Build/Intermediates.noindex/CapacitorFilesystem.build/Debug-iphonesimulator/FilesystemPlugin.build/swift-overrides.hmap -emit-const-values -Xfrontend -const-gather-protocols-file -Xfrontend /Users/runner/Library/Developer/Xcode/DerivedData/App-dlkunlcngirvvbbbeqpgwvdlhlcp/Build/Intermediates.noindex/CapacitorFilesystem.build/Debug-iphonesimulator/FilesystemPlugin.build/Objects-normal/arm64/FilesystemPlugin_const_extract_protocols.json -Xcc -I/Users/runner/Library/Developer/Xcode/DerivedData/App-dlkunlcngirvvbbbeqpgwvdlhlcp/Build/Products/Debug-iphonesimulator/include -Xcc -I/Users/runner/Library/Developer/Xcode/DerivedData/App-dlkunlcngirvvbbbeqpgwvdlhlcp/Build/Intermediates.noindex/CapacitorFilesystem.build/Debug-iphonesimulator/FilesystemPlugin.build/DerivedSources-normal/arm64 -Xcc -I/Users/runner/Library/Developer/Xcode/DerivedData/App-dlkunlcngirvvbbbeqpgwvdlhlcp/Build/Intermediates.noindex/CapacitorFilesystem.build/Debug-iphonesimulator/FilesystemPlugin.build/DerivedSources/arm64 -Xcc -I/Users/runner/Library/Developer/Xcode/DerivedData/App-dlkunlcngirvvbbbeqpgwvdlhlcp/Build/Intermediates.noindex/CapacitorFilesystem.build/Debug-iphonesimulator/FilesystemPlugin.build/DerivedSources -Xcc -DSWIFT_PACKAGE -Xcc -DDEBUG\=1 -emit-objc-header -emit-objc-header-path /Users/runner/Library/Developer/Xcode/DerivedData/App-dlkunlcngirvvbbbeqpgwvdlhlcp/Build/Intermediates.noindex/CapacitorFilesystem.build/Debug-iphonesimulator/FilesystemPlugin.build/Objects-normal/arm64/FilesystemPlugin-Swift.h -working-directory /Users/runner/work/Voro/Voro/ios/App/App.xcodeproj -experimental-emit-module-separately -disable-cmo

SwiftDriver\ Compilation SharePlugin normal arm64 com.apple.xcode.tools.swift.compiler (in target 'SharePlugin' from project 'CapacitorShare')
    cd /Users/runner/work/Voro/Voro/ios/App/App.xcodeproj
    builtin-Swift-Compilation -- /Applications/Xcode_26.6.app/Contents/Developer/Toolchains/XcodeDefault.xctoolchain/usr/bin/swiftc -module-name SharePlugin -Onone @/Users/runner/Library/Developer/Xcode/DerivedData/App-dlkunlcngirvvbbbeqpgwvdlhlcp/Build/Intermediates.noindex/CapacitorShare.build/Debug-iphonesimulator/SharePlugin.build/Objects-normal/arm64/SharePlugin.SwiftFileList -DSWIFT_PACKAGE -DDEBUG -DSWIFT_MODULE_RESOURCE_BUNDLE_UNAVAILABLE -DXcode -plugin-path /Applications/Xcode_26.6.app/Contents/Developer/Toolchains/XcodeDefault.xctoolchain/usr/lib/swift/host/plugins/testing -enable-experimental-feature DebugDescriptionMacro -sdk /Applications/Xcode_26.6.app/Contents/Developer/Platforms/iPhoneSimulator.platform/Developer/SDKs/iPhoneSimulator26.5.sdk -target arm64-apple-ios15.0-simulator -g -module-cache-path /Users/runner/Library/Developer/Xcode/DerivedData/ModuleCache.noindex -Xfrontend -serialize-debugging-options -enable-testing -suppress-warnings -index-store-path /Users/runner/Library/Developer/Xcode/DerivedData/App-dlkunlcngirvvbbbeqpgwvdlhlcp/Index.noindex/DataStore -Xcc -D_LIBCPP_HARDENING_MODE\=_LIBCPP_HARDENING_MODE_DEBUG -swift-version 5 -I /Users/runner/Library/Developer/Xcode/DerivedData/App-dlkunlcngirvvbbbeqpgwvdlhlcp/Build/Products/Debug-iphonesimulator -Isystem /Applications/Xcode_26.6.app/Contents/Developer/Platforms/iPhoneSimulator.platform/Developer/usr/lib -F /Users/runner/Library/Developer/Xcode/DerivedData/App-dlkunlcngirvvbbbeqpgwvdlhlcp/Build/Products/Debug-iphonesimulator -F /Applications/Xcode_26.6.app/Contents/Developer/Platforms/iPhoneSimulator.platform/Developer/Library/Frameworks -F /Applications/Xcode_26.6.app/Contents/Developer/Platforms/iPhoneSimulator.platform/Developer/SDKs/iPhoneSimulator26.5.sdk/Developer/Library/Frameworks -parse-as-library -c -j3 -enable-batch-mode -incremental -Xcc -ivfsstatcache -Xcc /Users/runner/Library/Developer/Xcode/DerivedData/SDKStatCaches.noindex/iphonesimulator26.5-23F81a-688ef53f1462e2c8f657fdc38a81448ff45c64a1807a658693f2a61704f17a36.sdkstatcache -output-file-map /Users/runner/Library/Developer/Xcode/DerivedData/App-dlkunlcngirvvbbbeqpgwvdlhlcp/Build/Intermediates.noindex/CapacitorShare.build/Debug-iphonesimulator/SharePlugin.build/Objects-normal/arm64/SharePlugin-OutputFileMap.json -use-frontend-parseable-output -save-temps -no-color-diagnostics -explicit-module-build -module-cache-path /Users/runner/Library/Developer/Xcode/DerivedData/App-dlkunlcngirvvbbbeqpgwvdlhlcp/Build/Intermediates.noindex/SwiftExplicitPrecompiledModules -clang-scanner-module-cache-path /Users/runner/Library/Developer/Xcode/DerivedData/ModuleCache.noindex -sdk-module-cache-path /Users/runner/Library/Developer/Xcode/DerivedData/ModuleCache.noindex -serialize-diagnostics -emit-dependencies -emit-module -emit-module-path /Users/runner/Library/Developer/Xcode/DerivedData/App-dlkunlcngirvvbbbeqpgwvdlhlcp/Build/Intermediates.noindex/CapacitorShare.build/Debug-iphonesimulator/SharePlugin.build/Objects-normal/arm64/SharePlugin.swiftmodule -validate-clang-modules-once -clang-build-session-file /Users/runner/Library/Developer/Xcode/DerivedData/ModuleCache.noindex/Session.modulevalidation -package-name share -Xcc -I/Users/runner/Library/Developer/Xcode/DerivedData/App-dlkunlcngirvvbbbeqpgwvdlhlcp/Build/Intermediates.noindex/CapacitorShare.build/Debug-iphonesimulator/SharePlugin.build/swift-overrides.hmap -emit-const-values -Xfrontend -const-gather-protocols-file -Xfrontend /Users/runner/Library/Developer/Xcode/DerivedData/App-dlkunlcngirvvbbbeqpgwvdlhlcp/Build/Intermediates.noindex/CapacitorShare.build/Debug-iphonesimulator/SharePlugin.build/Objects-normal/arm64/SharePlugin_const_extract_protocols.json -Xcc -I/Users/runner/Library/Developer/Xcode/DerivedData/App-dlkunlcngirvvbbbeqpgwvdlhlcp/Build/Products/Debug-iphonesimulator/include -Xcc -I/Users/runner/Library/Developer/Xcode/DerivedData/App-dlkunlcngirvvbbbeqpgwvdlhlcp/Build/Intermediates.noindex/CapacitorShare.build/Debug-iphonesimulator/SharePlugin.build/DerivedSources-normal/arm64 -Xcc -I/Users/runner/Library/Developer/Xcode/DerivedData/App-dlkunlcngirvvbbbeqpgwvdlhlcp/Build/Intermediates.noindex/CapacitorShare.build/Debug-iphonesimulator/SharePlugin.build/DerivedSources/arm64 -Xcc -I/Users/runner/Library/Developer/Xcode/DerivedData/App-dlkunlcngirvvbbbeqpgwvdlhlcp/Build/Intermediates.noindex/CapacitorShare.build/Debug-iphonesimulator/SharePlugin.build/DerivedSources -Xcc -DSWIFT_PACKAGE -Xcc -DDEBUG\=1 -emit-objc-header -emit-objc-header-path /Users/runner/Library/Developer/Xcode/DerivedData/App-dlkunlcngirvvbbbeqpgwvdlhlcp/Build/Intermediates.noindex/CapacitorShare.build/Debug-iphonesimulator/SharePlugin.build/Objects-normal/arm64/SharePlugin-Swift.h -working-directory /Users/runner/work/Voro/Voro/ios/App/App.xcodeproj -experimental-emit-module-separately -disable-cmo

SwiftMergeGeneratedHeaders /Users/runner/Library/Developer/Xcode/DerivedData/App-dlkunlcngirvvbbbeqpgwvdlhlcp/Build/Intermediates.noindex/GeneratedModuleMaps-iphonesimulator/FilesystemPlugin-Swift.h /Users/runner/Library/Developer/Xcode/DerivedData/App-dlkunlcngirvvbbbeqpgwvdlhlcp/Build/Intermediates.noindex/CapacitorFilesystem.build/Debug-iphonesimulator/FilesystemPlugin.build/Objects-normal/arm64/FilesystemPlugin-Swift.h (in target 'FilesystemPlugin' from project 'CapacitorFilesystem')
    cd /Users/runner/work/Voro/Voro/node_modules/@capacitor/filesystem
    builtin-swiftHeaderTool -arch arm64 /Users/runner/Library/Developer/Xcode/DerivedData/App-dlkunlcngirvvbbbeqpgwvdlhlcp/Build/Intermediates.noindex/CapacitorFilesystem.build/Debug-iphonesimulator/FilesystemPlugin.build/Objects-normal/arm64/FilesystemPlugin-Swift.h -o /Users/runner/Library/Developer/Xcode/DerivedData/App-dlkunlcngirvvbbbeqpgwvdlhlcp/Build/Intermediates.noindex/GeneratedModuleMaps-iphonesimulator/FilesystemPlugin-Swift.h

Copy /Users/runner/Library/Developer/Xcode/DerivedData/App-dlkunlcngirvvbbbeqpgwvdlhlcp/Build/Products/Debug-iphonesimulator/FilesystemPlugin.swiftmodule/arm64-apple-ios-simulator.swiftmodule /Users/runner/Library/Developer/Xcode/DerivedData/App-dlkunlcngirvvbbbeqpgwvdlhlcp/Build/Intermediates.noindex/CapacitorFilesystem.build/Debug-iphonesimulator/FilesystemPlugin.build/Objects-normal/arm64/FilesystemPlugin.swiftmodule (in target 'FilesystemPlugin' from project 'CapacitorFilesystem')
    cd /Users/runner/work/Voro/Voro/node_modules/@capacitor/filesystem
    builtin-copy -exclude .DS_Store -exclude CVS -exclude .svn -exclude .git -exclude .hg -resolve-src-symlinks -rename /Users/runner/Library/Developer/Xcode/DerivedData/App-dlkunlcngirvvbbbeqpgwvdlhlcp/Build/Intermediates.noindex/CapacitorFilesystem.build/Debug-iphonesimulator/FilesystemPlugin.build/Objects-normal/arm64/FilesystemPlugin.swiftmodule /Users/runner/Library/Developer/Xcode/DerivedData/App-dlkunlcngirvvbbbeqpgwvdlhlcp/Build/Products/Debug-iphonesimulator/FilesystemPlugin.swiftmodule/arm64-apple-ios-simulator.swiftmodule

Copy /Users/runner/Library/Developer/Xcode/DerivedData/App-dlkunlcngirvvbbbeqpgwvdlhlcp/Build/Products/Debug-iphonesimulator/FilesystemPlugin.swiftmodule/arm64-apple-ios-simulator.swiftdoc /Users/runner/Library/Developer/Xcode/DerivedData/App-dlkunlcngirvvbbbeqpgwvdlhlcp/Build/Intermediates.noindex/CapacitorFilesystem.build/Debug-iphonesimulator/FilesystemPlugin.build/Objects-normal/arm64/FilesystemPlugin.swiftdoc (in target 'FilesystemPlugin' from project 'CapacitorFilesystem')
    cd /Users/runner/work/Voro/Voro/node_modules/@capacitor/filesystem
    builtin-copy -exclude .DS_Store -exclude CVS -exclude .svn -exclude .git -exclude .hg -resolve-src-symlinks -rename /Users/runner/Library/Developer/Xcode/DerivedData/App-dlkunlcngirvvbbbeqpgwvdlhlcp/Build/Intermediates.noindex/CapacitorFilesystem.build/Debug-iphonesimulator/FilesystemPlugin.build/Objects-normal/arm64/FilesystemPlugin.swiftdoc /Users/runner/Library/Developer/Xcode/DerivedData/App-dlkunlcngirvvbbbeqpgwvdlhlcp/Build/Products/Debug-iphonesimulator/FilesystemPlugin.swiftmodule/arm64-apple-ios-simulator.swiftdoc

Copy /Users/runner/Library/Developer/Xcode/DerivedData/App-dlkunlcngirvvbbbeqpgwvdlhlcp/Build/Products/Debug-iphonesimulator/FilesystemPlugin.swiftmodule/arm64-apple-ios-simulator.abi.json /Users/runner/Library/Developer/Xcode/DerivedData/App-dlkunlcngirvvbbbeqpgwvdlhlcp/Build/Intermediates.noindex/CapacitorFilesystem.build/Debug-iphonesimulator/FilesystemPlugin.build/Objects-normal/arm64/FilesystemPlugin.abi.json (in target 'FilesystemPlugin' from project 'CapacitorFilesystem')
    cd /Users/runner/work/Voro/Voro/node_modules/@capacitor/filesystem
    builtin-copy -exclude .DS_Store -exclude CVS -exclude .svn -exclude .git -exclude .hg -resolve-src-symlinks -rename /Users/runner/Library/Developer/Xcode/DerivedData/App-dlkunlcngirvvbbbeqpgwvdlhlcp/Build/Intermediates.noindex/CapacitorFilesystem.build/Debug-iphonesimulator/FilesystemPlugin.build/Objects-normal/arm64/FilesystemPlugin.abi.json /Users/runner/Library/Developer/Xcode/DerivedData/App-dlkunlcngirvvbbbeqpgwvdlhlcp/Build/Products/Debug-iphonesimulator/FilesystemPlugin.swiftmodule/arm64-apple-ios-simulator.abi.json

Copy /Users/runner/Library/Developer/Xcode/DerivedData/App-dlkunlcngirvvbbbeqpgwvdlhlcp/Build/Products/Debug-iphonesimulator/FilesystemPlugin.swiftmodule/Project/arm64-apple-ios-simulator.swiftsourceinfo /Users/runner/Library/Developer/Xcode/DerivedData/App-dlkunlcngirvvbbbeqpgwvdlhlcp/Build/Intermediates.noindex/CapacitorFilesystem.build/Debug-iphonesimulator/FilesystemPlugin.build/Objects-normal/arm64/FilesystemPlugin.swiftsourceinfo (in target 'FilesystemPlugin' from project 'CapacitorFilesystem')
    cd /Users/runner/work/Voro/Voro/node_modules/@capacitor/filesystem
    builtin-copy -exclude .DS_Store -exclude CVS -exclude .svn -exclude .git -exclude .hg -resolve-src-symlinks -rename /Users/runner/Library/Developer/Xcode/DerivedData/App-dlkunlcngirvvbbbeqpgwvdlhlcp/Build/Intermediates.noindex/CapacitorFilesystem.build/Debug-iphonesimulator/FilesystemPlugin.build/Objects-normal/arm64/FilesystemPlugin.swiftsourceinfo /Users/runner/Library/Developer/Xcode/DerivedData/App-dlkunlcngirvvbbbeqpgwvdlhlcp/Build/Products/Debug-iphonesimulator/FilesystemPlugin.swiftmodule/Project/arm64-apple-ios-simulator.swiftsourceinfo

SwiftDriverJobDiscovery normal arm64 Compiling FilesystemLocationResolver.swift, FilesystemOperation.swift, FilesystemOperationExecutor.swift (in target 'FilesystemPlugin' from project 'CapacitorFilesystem')

Ld /Users/runner/Library/Developer/Xcode/DerivedData/App-dlkunlcngirvvbbbeqpgwvdlhlcp/Build/Products/Debug-iphonesimulator/SharePlugin.o normal (in target 'SharePlugin' from project 'CapacitorShare')
    cd /Users/runner/work/Voro/Voro/node_modules/@capacitor/share
    /Applications/Xcode_26.6.app/Contents/Developer/Toolchains/XcodeDefault.xctoolchain/usr/bin/clang -Xlinker -reproducible -target arm64-apple-ios15.0-simulator -r -isysroot /Applications/Xcode_26.6.app/Contents/Developer/Platforms/iPhoneSimulator.platform/Developer/SDKs/iPhoneSimulator26.5.sdk -O0 -w -F/Users/runner/Library/Developer/Xcode/DerivedData/App-dlkunlcngirvvbbbeqpgwvdlhlcp/Build/Intermediates.noindex/EagerLinkingTBDs/Debug-iphonesimulator -F/Users/runner/Library/Developer/Xcode/DerivedData/App-dlkunlcngirvvbbbeqpgwvdlhlcp/Build/Products/Debug-iphonesimulator -iframework /Applications/Xcode_26.6.app/Contents/Developer/Platforms/iPhoneSimulator.platform/Developer/Library/Frameworks -iframework /Applications/Xcode_26.6.app/Contents/Developer/Platforms/iPhoneSimulator.platform/Developer/SDKs/iPhoneSimulator26.5.sdk/Developer/Library/Frameworks -filelist /Users/runner/Library/Developer/Xcode/DerivedData/App-dlkunlcngirvvbbbeqpgwvdlhlcp/Build/Intermediates.noindex/CapacitorShare.build/Debug-iphonesimulator/SharePlugin.build/Objects-normal/arm64/SharePlugin.LinkFileList -nostdlib -Xlinker -object_path_lto -Xlinker /Users/runner/Library/Developer/Xcode/DerivedData/App-dlkunlcngirvvbbbeqpgwvdlhlcp/Build/Intermediates.noindex/CapacitorShare.build/Debug-iphonesimulator/SharePlugin.build/Objects-normal/arm64/SharePlugin_lto.o -Xlinker -no_deduplicate -Xlinker -objc_abi_version -Xlinker 2 -Xlinker -dependency_info -Xlinker /Users/runner/Library/Developer/Xcode/DerivedData/App-dlkunlcngirvvbbbeqpgwvdlhlcp/Build/Intermediates.noindex/CapacitorShare.build/Debug-iphonesimulator/SharePlugin.build/Objects-normal/arm64/SharePlugin_dependency_info.dat -fobjc-link-runtime -L/Applications/Xcode_26.6.app/Contents/Developer/Toolchains/XcodeDefault.xctoolchain/usr/lib/swift/iphonesimulator -L/usr/lib/swift -Xlinker -add_ast_path -Xlinker /Users/runner/Library/Developer/Xcode/DerivedData/App-dlkunlcngirvvbbbeqpgwvdlhlcp/Build/Intermediates.noindex/CapacitorShare.build/Debug-iphonesimulator/SharePlugin.build/Objects-normal/arm64/SharePlugin.swiftmodule @/Users/runner/Library/Developer/Xcode/DerivedData/App-dlkunlcngirvvbbbeqpgwvdlhlcp/Build/Intermediates.noindex/CapacitorShare.build/Debug-iphonesimulator/SharePlugin.build/Objects-normal/arm64/SharePlugin-linker-args.resp -o /Users/runner/Library/Developer/Xcode/DerivedData/App-dlkunlcngirvvbbbeqpgwvdlhlcp/Build/Products/Debug-iphonesimulator/SharePlugin.o

SwiftDriver CapApp-SPM normal arm64 com.apple.xcode.tools.swift.compiler (in target 'CapApp-SPM' from project 'CapApp-SPM')
    cd /Users/runner/work/Voro/Voro/ios/App/App.xcodeproj
    builtin-SwiftDriver -- /Applications/Xcode_26.6.app/Contents/Developer/Toolchains/XcodeDefault.xctoolchain/usr/bin/swiftc -module-name CapApp_SPM -Onone @/Users/runner/Library/Developer/Xcode/DerivedData/App-dlkunlcngirvvbbbeqpgwvdlhlcp/Build/Intermediates.noindex/CapApp-SPM.build/Debug-iphonesimulator/CapApp-SPM.build/Objects-normal/arm64/CapApp-SPM.SwiftFileList -DSWIFT_PACKAGE -DDEBUG -DSWIFT_MODULE_RESOURCE_BUNDLE_UNAVAILABLE -DXcode -plugin-path /Applications/Xcode_26.6.app/Contents/Developer/Toolchains/XcodeDefault.xctoolchain/usr/lib/swift/host/plugins/testing -enable-experimental-feature DebugDescriptionMacro -sdk /Applications/Xcode_26.6.app/Contents/Developer/Platforms/iPhoneSimulator.platform/Developer/SDKs/iPhoneSimulator26.5.sdk -target arm64-apple-ios15.0-simulator -g -module-cache-path /Users/runner/Library/Developer/Xcode/DerivedData/ModuleCache.noindex -Xfrontend -serialize-debugging-options -enable-testing -suppress-warnings -index-store-path /Users/runner/Library/Developer/Xcode/DerivedData/App-dlkunlcngirvvbbbeqpgwvdlhlcp/Index.noindex/DataStore -Xcc -D_LIBCPP_HARDENING_MODE\=_LIBCPP_HARDENING_MODE_DEBUG -swift-version 5 -I /Users/runner/Library/Developer/Xcode/DerivedData/App-dlkunlcngirvvbbbeqpgwvdlhlcp/Build/Products/Debug-iphonesimulator -Isystem /Applications/Xcode_26.6.app/Contents/Developer/Platforms/iPhoneSimulator.platform/Developer/usr/lib -F /Users/runner/Library/Developer/Xcode/DerivedData/App-dlkunlcngirvvbbbeqpgwvdlhlcp/Build/Products/Debug-iphonesimulator/PackageFrameworks -F /Users/runner/Library/Developer/Xcode/DerivedData/App-dlkunlcngirvvbbbeqpgwvdlhlcp/Build/Products/Debug-iphonesimulator/PackageFrameworks -F /Users/runner/Library/Developer/Xcode/DerivedData/App-dlkunlcngirvvbbbeqpgwvdlhlcp/Build/Products/Debug-iphonesimulator/PackageFrameworks -F /Users/runner/Library/Developer/Xcode/DerivedData/App-dlkunlcngirvvbbbeqpgwvdlhlcp/Build/Products/Debug-iphonesimulator -F /Applications/Xcode_26.6.app/Contents/Developer/Platforms/iPhoneSimulator.platform/Developer/Library/Frameworks -F /Applications/Xcode_26.6.app/Contents/Developer/Platforms/iPhoneSimulator.platform/Developer/SDKs/iPhoneSimulator26.5.sdk/Developer/Library/Frameworks -parse-as-library -c -j3 -enable-batch-mode -incremental -Xcc -ivfsstatcache -Xcc /Users/runner/Library/Developer/Xcode/DerivedData/SDKStatCaches.noindex/iphonesimulator26.5-23F81a-688ef53f1462e2c8f657fdc38a81448ff45c64a1807a658693f2a61704f17a36.sdkstatcache -output-file-map /Users/runner/Library/Developer/Xcode/DerivedData/App-dlkunlcngirvvbbbeqpgwvdlhlcp/Build/Intermediates.noindex/CapApp-SPM.build/Debug-iphonesimulator/CapApp-SPM.build/Objects-normal/arm64/CapApp-SPM-OutputFileMap.json -use-frontend-parseable-output -save-temps -no-color-diagnostics -explicit-module-build -module-cache-path /Users/runner/Library/Developer/Xcode/DerivedData/App-dlkunlcngirvvbbbeqpgwvdlhlcp/Build/Intermediates.noindex/SwiftExplicitPrecompiledModules -clang-scanner-module-cache-path /Users/runner/Library/Developer/Xcode/DerivedData/ModuleCache.noindex -sdk-module-cache-path /Users/runner/Library/Developer/Xcode/DerivedData/ModuleCache.noindex -serialize-diagnostics -emit-dependencies -emit-module -emit-module-path /Users/runner/Library/Developer/Xcode/DerivedData/App-dlkunlcngirvvbbbeqpgwvdlhlcp/Build/Intermediates.noindex/CapApp-SPM.build/Debug-iphonesimulator/CapApp-SPM.build/Objects-normal/arm64/CapApp_SPM.swiftmodule -validate-clang-modules-once -clang-build-session-file /Users/runner/Library/Developer/Xcode/DerivedData/ModuleCache.noindex/Session.modulevalidation -package-name capapp_spm -Xcc -I/Users/runner/Library/Developer/Xcode/DerivedData/App-dlkunlcngirvvbbbeqpgwvdlhlcp/Build/Intermediates.noindex/CapApp-SPM.build/Debug-iphonesimulator/CapApp-SPM.build/swift-overrides.hmap -emit-const-values -Xfrontend -const-gather-protocols-file -Xfrontend /Users/runner/Library/Developer/Xcode/DerivedData/App-dlkunlcngirvvbbbeqpgwvdlhlcp/Build/Intermediates.noindex/CapApp-SPM.build/Debug-iphonesimulator/CapApp-SPM.build/Objects-normal/arm64/CapApp-SPM_const_extract_protocols.json -Xcc -I/Users/runner/Library/Developer/Xcode/DerivedData/App-dlkunlcngirvvbbbeqpgwvdlhlcp/Build/Products/Debug-iphonesimulator/include -Xcc -I/Users/runner/Library/Developer/Xcode/DerivedData/App-dlkunlcngirvvbbbeqpgwvdlhlcp/Build/Intermediates.noindex/CapApp-SPM.build/Debug-iphonesimulator/CapApp-SPM.build/DerivedSources-normal/arm64 -Xcc -I/Users/runner/Library/Developer/Xcode/DerivedData/App-dlkunlcngirvvbbbeqpgwvdlhlcp/Build/Intermediates.noindex/CapApp-SPM.build/Debug-iphonesimulator/CapApp-SPM.build/DerivedSources/arm64 -Xcc -I/Users/runner/Library/Developer/Xcode/DerivedData/App-dlkunlcngirvvbbbeqpgwvdlhlcp/Build/Intermediates.noindex/CapApp-SPM.build/Debug-iphonesimulator/CapApp-SPM.build/DerivedSources -Xcc -DSWIFT_PACKAGE -Xcc -DDEBUG\=1 -emit-objc-header -emit-objc-header-path /Users/runner/Library/Developer/Xcode/DerivedData/App-dlkunlcngirvvbbbeqpgwvdlhlcp/Build/Intermediates.noindex/CapApp-SPM.build/Debug-iphonesimulator/CapApp-SPM.build/Objects-normal/arm64/CapApp-SPM-Swift.h -working-directory /Users/runner/work/Voro/Voro/ios/App/App.xcodeproj -experimental-emit-module-separately -disable-cmo

ExtractAppIntentsMetadata (in target 'SharePlugin' from project 'CapacitorShare')
    cd /Users/runner/work/Voro/Voro/node_modules/@capacitor/share
    /Applications/Xcode_26.6.app/Contents/Developer/Toolchains/XcodeDefault.xctoolchain/usr/bin/appintentsmetadataprocessor --toolchain-dir /var/run/com.apple.security.cryptexd/mnt/com.apple.MobileAsset.MetalToolchain-v17.6.109.0.i19eCT/Metal.xctoolchain --module-name SharePlugin --sdk-root /Applications/Xcode_26.6.app/Contents/Developer/Platforms/iPhoneSimulator.platform/Developer/SDKs/iPhoneSimulator26.5.sdk --xcode-version 17F113 --platform-family iOS --deployment-target 15.0 --bundle-identifier share.SharePlugin --output /Users/runner/Library/Developer/Xcode/DerivedData/App-dlkunlcngirvvbbbeqpgwvdlhlcp/Build/Products/Debug-iphonesimulator/SharePlugin.appintents --target-triple arm64-apple-ios15.0-simulator --binary-file /Users/runner/Library/Developer/Xcode/DerivedData/App-dlkunlcngirvvbbbeqpgwvdlhlcp/Build/Products/Debug-iphonesimulator/SharePlugin.o --dependency-file /Users/runner/Library/Developer/Xcode/DerivedData/App-dlkunlcngirvvbbbeqpgwvdlhlcp/Build/Intermediates.noindex/CapacitorShare.build/Debug-iphonesimulator/SharePlugin.build/Objects-normal/arm64/SharePlugin_dependency_info.dat --stringsdata-file /Users/runner/Library/Developer/Xcode/DerivedData/App-dlkunlcngirvvbbbeqpgwvdlhlcp/Build/Intermediates.noindex/CapacitorShare.build/Debug-iphonesimulator/SharePlugin.build/Objects-normal/arm64/ExtractedAppShortcutsMetadata.stringsdata --source-file-list /Users/runner/Library/Developer/Xcode/DerivedData/App-dlkunlcngirvvbbbeqpgwvdlhlcp/Build/Intermediates.noindex/CapacitorShare.build/Debug-iphonesimulator/SharePlugin.build/Objects-normal/arm64/SharePlugin.SwiftFileList --metadata-file-list /Users/runner/Library/Developer/Xcode/DerivedData/App-dlkunlcngirvvbbbeqpgwvdlhlcp/Build/Intermediates.noindex/CapacitorShare.build/Debug-iphonesimulator/SharePlugin.build/SharePlugin.DependencyMetadataFileList --static-metadata-file-list /Users/runner/Library/Developer/Xcode/DerivedData/App-dlkunlcngirvvbbbeqpgwvdlhlcp/Build/Intermediates.noindex/CapacitorShare.build/Debug-iphonesimulator/SharePlugin.build/SharePlugin.DependencyStaticMetadataFileList --swift-const-vals-list /Users/runner/Library/Developer/Xcode/DerivedData/App-dlkunlcngirvvbbbeqpgwvdlhlcp/Build/Intermediates.noindex/CapacitorShare.build/Debug-iphonesimulator/SharePlugin.build/Objects-normal/arm64/SharePlugin.SwiftConstValuesFileList --force --compile-time-extraction --deployment-aware-processing --validate-assistant-intents --no-app-shortcuts-localization
2026-09-28 20:14:28.170 appintentsmetadataprocessor[12336:42991] Starting appintentsmetadataprocessor export
2026-09-28 20:14:28.186 appintentsmetadataprocessor[12336:42991] Extracted no relevant App Intents symbols, skipping writing output

SwiftEmitModule normal arm64 Emitting\ module\ for\ CapApp_SPM (in target 'CapApp-SPM' from project 'CapApp-SPM')

SwiftCompile normal arm64 /Users/runner/work/Voro/Voro/ios/App/CapApp-SPM/Sources/CapApp-SPM/CapApp-SPM.swift (in target 'CapApp-SPM' from project 'CapApp-SPM')
    cd /Users/runner/work/Voro/Voro/ios/App/App.xcodeproj
    

SwiftCompile normal arm64 Compiling\ CapApp-SPM.swift /Users/runner/work/Voro/Voro/ios/App/CapApp-SPM/Sources/CapApp-SPM/CapApp-SPM.swift (in target 'CapApp-SPM' from project 'CapApp-SPM')

SwiftCompile normal arm64 /Users/runner/work/Voro/Voro/ios/App/CapApp-SPM/Sources/CapApp-SPM/CapApp-SPM.swift (in target 'CapApp-SPM' from project 'CapApp-SPM')
    cd /Users/runner/work/Voro/Voro/ios/App/App.xcodeproj
    

SwiftDriverJobDiscovery normal arm64 Compiling FilesystemPlugin.swift, IONFileStructures+Converters.swift, LegacyFilesystemImplementation.swift (in target 'FilesystemPlugin' from project 'CapacitorFilesystem')

SwiftDriver\ Compilation FilesystemPlugin normal arm64 com.apple.xcode.tools.swift.compiler (in target 'FilesystemPlugin' from project 'CapacitorFilesystem')
    cd /Users/runner/work/Voro/Voro/ios/App/App.xcodeproj
    builtin-Swift-Compilation -- /Applications/Xcode_26.6.app/Contents/Developer/Toolchains/XcodeDefault.xctoolchain/usr/bin/swiftc -module-name FilesystemPlugin -Onone @/Users/runner/Library/Developer/Xcode/DerivedData/App-dlkunlcngirvvbbbeqpgwvdlhlcp/Build/Intermediates.noindex/CapacitorFilesystem.build/Debug-iphonesimulator/FilesystemPlugin.build/Objects-normal/arm64/FilesystemPlugin.SwiftFileList -DSWIFT_PACKAGE -DDEBUG -DSWIFT_MODULE_RESOURCE_BUNDLE_UNAVAILABLE -DXcode -plugin-path /Applications/Xcode_26.6.app/Contents/Developer/Toolchains/XcodeDefault.xctoolchain/usr/lib/swift/host/plugins/testing -enable-experimental-feature DebugDescriptionMacro -sdk /Applications/Xcode_26.6.app/Contents/Developer/Platforms/iPhoneSimulator.platform/Developer/SDKs/iPhoneSimulator26.5.sdk -target arm64-apple-ios15.0-simulator -g -module-cache-path /Users/runner/Library/Developer/Xcode/DerivedData/ModuleCache.noindex -Xfrontend -serialize-debugging-options -enable-testing -suppress-warnings -index-store-path /Users/runner/Library/Developer/Xcode/DerivedData/App-dlkunlcngirvvbbbeqpgwvdlhlcp/Index.noindex/DataStore -Xcc -D_LIBCPP_HARDENING_MODE\=_LIBCPP_HARDENING_MODE_DEBUG -swift-version 5 -I /Users/runner/Library/Developer/Xcode/DerivedData/App-dlkunlcngirvvbbbeqpgwvdlhlcp/Build/Products/Debug-iphonesimulator -Isystem /Applications/Xcode_26.6.app/Contents/Developer/Platforms/iPhoneSimulator.platform/Developer/usr/lib -F /Users/runner/Library/Developer/Xcode/DerivedData/App-dlkunlcngirvvbbbeqpgwvdlhlcp/Build/Products/Debug-iphonesimulator/PackageFrameworks -F /Users/runner/Library/Developer/Xcode/DerivedData/App-dlkunlcngirvvbbbeqpgwvdlhlcp/Build/Products/Debug-iphonesimulator -F /Applications/Xcode_26.6.app/Contents/Developer/Platforms/iPhoneSimulator.platform/Developer/Library/Frameworks -F /Applications/Xcode_26.6.app/Contents/Developer/Platforms/iPhoneSimulator.platform/Developer/SDKs/iPhoneSimulator26.5.sdk/Developer/Library/Frameworks -c -j3 -enable-batch-mode -incremental -Xcc -ivfsstatcache -Xcc /Users/runner/Library/Developer/Xcode/DerivedData/SDKStatCaches.noindex/iphonesimulator26.5-23F81a-688ef53f1462e2c8f657fdc38a81448ff45c64a1807a658693f2a61704f17a36.sdkstatcache -output-file-map /Users/runner/Library/Developer/Xcode/DerivedData/App-dlkunlcngirvvbbbeqpgwvdlhlcp/Build/Intermediates.noindex/CapacitorFilesystem.build/Debug-iphonesimulator/FilesystemPlugin.build/Objects-normal/arm64/FilesystemPlugin-OutputFileMap.json -use-frontend-parseable-output -save-temps -no-color-diagnostics -explicit-module-build -module-cache-path /Users/runner/Library/Developer/Xcode/DerivedData/App-dlkunlcngirvvbbbeqpgwvdlhlcp/Build/Intermediates.noindex/SwiftExplicitPrecompiledModules -clang-scanner-module-cache-path /Users/runner/Library/Developer/Xcode/DerivedData/ModuleCache.noindex -sdk-module-cache-path /Users/runner/Library/Developer/Xcode/DerivedData/ModuleCache.noindex -serialize-diagnostics -emit-dependencies -emit-module -emit-module-path /Users/runner/Library/Developer/Xcode/DerivedData/App-dlkunlcngirvvbbbeqpgwvdlhlcp/Build/Intermediates.noindex/CapacitorFilesystem.build/Debug-iphonesimulator/FilesystemPlugin.build/Objects-normal/arm64/FilesystemPlugin.swiftmodule -validate-clang-modules-once -clang-build-session-file /Users/runner/Library/Developer/Xcode/DerivedData/ModuleCache.noindex/Session.modulevalidation -package-name filesystem -Xcc -I/Users/runner/Library/Developer/Xcode/DerivedData/App-dlkunlcngirvvbbbeqpgwvdlhlcp/Build/Intermediates.noindex/CapacitorFilesystem.build/Debug-iphonesimulator/FilesystemPlugin.build/swift-overrides.hmap -emit-const-values -Xfrontend -const-gather-protocols-file -Xfrontend /Users/runner/Library/Developer/Xcode/DerivedData/App-dlkunlcngirvvbbbeqpgwvdlhlcp/Build/Intermediates.noindex/CapacitorFilesystem.build/Debug-iphonesimulator/FilesystemPlugin.build/Objects-normal/arm64/FilesystemPlugin_const_extract_protocols.json -Xcc -I/Users/runner/Library/Developer/Xcode/DerivedData/App-dlkunlcngirvvbbbeqpgwvdlhlcp/Build/Products/Debug-iphonesimulator/include -Xcc -I/Users/runner/Library/Developer/Xcode/DerivedData/App-dlkunlcngirvvbbbeqpgwvdlhlcp/Build/Intermediates.noindex/CapacitorFilesystem.build/Debug-iphonesimulator/FilesystemPlugin.build/DerivedSources-normal/arm64 -Xcc -I/Users/runner/Library/Developer/Xcode/DerivedData/App-dlkunlcngirvvbbbeqpgwvdlhlcp/Build/Intermediates.noindex/CapacitorFilesystem.build/Debug-iphonesimulator/FilesystemPlugin.build/DerivedSources/arm64 -Xcc -I/Users/runner/Library/Developer/Xcode/DerivedData/App-dlkunlcngirvvbbbeqpgwvdlhlcp/Build/Intermediates.noindex/CapacitorFilesystem.build/Debug-iphonesimulator/FilesystemPlugin.build/DerivedSources -Xcc -DSWIFT_PACKAGE -Xcc -DDEBUG\=1 -emit-objc-header -emit-objc-header-path /Users/runner/Library/Developer/Xcode/DerivedData/App-dlkunlcngirvvbbbeqpgwvdlhlcp/Build/Intermediates.noindex/CapacitorFilesystem.build/Debug-iphonesimulator/FilesystemPlugin.build/Objects-normal/arm64/FilesystemPlugin-Swift.h -working-directory /Users/runner/work/Voro/Voro/ios/App/App.xcodeproj -experimental-emit-module-separately -disable-cmo

Ld /Users/runner/Library/Developer/Xcode/DerivedData/App-dlkunlcngirvvbbbeqpgwvdlhlcp/Build/Products/Debug-iphonesimulator/FilesystemPlugin.o normal (in target 'FilesystemPlugin' from project 'CapacitorFilesystem')
    cd /Users/runner/work/Voro/Voro/node_modules/@capacitor/filesystem
    /Applications/Xcode_26.6.app/Contents/Developer/Toolchains/XcodeDefault.xctoolchain/usr/bin/clang -Xlinker -reproducible -target arm64-apple-ios15.0-simulator -r -isysroot /Applications/Xcode_26.6.app/Contents/Developer/Platforms/iPhoneSimulator.platform/Developer/SDKs/iPhoneSimulator26.5.sdk -O0 -w -F/Users/runner/Library/Developer/Xcode/DerivedData/App-dlkunlcngirvvbbbeqpgwvdlhlcp/Build/Intermediates.noindex/EagerLinkingTBDs/Debug-iphonesimulator -F/Users/runner/Library/Developer/Xcode/DerivedData/App-dlkunlcngirvvbbbeqpgwvdlhlcp/Build/Products/Debug-iphonesimulator/PackageFrameworks -F/Users/runner/Library/Developer/Xcode/DerivedData/App-dlkunlcngirvvbbbeqpgwvdlhlcp/Build/Products/Debug-iphonesimulator -iframework /Applications/Xcode_26.6.app/Contents/Developer/Platforms/iPhoneSimulator.platform/Developer/Library/Frameworks -iframework /Applications/Xcode_26.6.app/Contents/Developer/Platforms/iPhoneSimulator.platform/Developer/SDKs/iPhoneSimulator26.5.sdk/Developer/Library/Frameworks -filelist /Users/runner/Library/Developer/Xcode/DerivedData/App-dlkunlcngirvvbbbeqpgwvdlhlcp/Build/Intermediates.noindex/CapacitorFilesystem.build/Debug-iphonesimulator/FilesystemPlugin.build/Objects-normal/arm64/FilesystemPlugin.LinkFileList -nostdlib -Xlinker -object_path_lto -Xlinker /Users/runner/Library/Developer/Xcode/DerivedData/App-dlkunlcngirvvbbbeqpgwvdlhlcp/Build/Intermediates.noindex/CapacitorFilesystem.build/Debug-iphonesimulator/FilesystemPlugin.build/Objects-normal/arm64/FilesystemPlugin_lto.o -Xlinker -no_deduplicate -Xlinker -objc_abi_version -Xlinker 2 -Xlinker -dependency_info -Xlinker /Users/runner/Library/Developer/Xcode/DerivedData/App-dlkunlcngirvvbbbeqpgwvdlhlcp/Build/Intermediates.noindex/CapacitorFilesystem.build/Debug-iphonesimulator/FilesystemPlugin.build/Objects-normal/arm64/FilesystemPlugin_dependency_info.dat -fobjc-link-runtime -L/Applications/Xcode_26.6.app/Contents/Developer/Toolchains/XcodeDefault.xctoolchain/usr/lib/swift/iphonesimulator -L/usr/lib/swift -Xlinker -add_ast_path -Xlinker /Users/runner/Library/Developer/Xcode/DerivedData/App-dlkunlcngirvvbbbeqpgwvdlhlcp/Build/Intermediates.noindex/CapacitorFilesystem.build/Debug-iphonesimulator/FilesystemPlugin.build/Objects-normal/arm64/FilesystemPlugin.swiftmodule @/Users/runner/Library/Developer/Xcode/DerivedData/App-dlkunlcngirvvbbbeqpgwvdlhlcp/Build/Intermediates.noindex/CapacitorFilesystem.build/Debug-iphonesimulator/FilesystemPlugin.build/Objects-normal/arm64/FilesystemPlugin-linker-args.resp -o /Users/runner/Library/Developer/Xcode/DerivedData/App-dlkunlcngirvvbbbeqpgwvdlhlcp/Build/Products/Debug-iphonesimulator/FilesystemPlugin.o

SwiftDriverJobDiscovery normal arm64 Emitting module for CapApp_SPM (in target 'CapApp-SPM' from project 'CapApp-SPM')

SwiftDriver\ Compilation\ Requirements CapApp-SPM normal arm64 com.apple.xcode.tools.swift.compiler (in target 'CapApp-SPM' from project 'CapApp-SPM')
    cd /Users/runner/work/Voro/Voro/ios/App/App.xcodeproj
    builtin-Swift-Compilation-Requirements -- /Applications/Xcode_26.6.app/Contents/Developer/Toolchains/XcodeDefault.xctoolchain/usr/bin/swiftc -module-name CapApp_SPM -Onone @/Users/runner/Library/Developer/Xcode/DerivedData/App-dlkunlcngirvvbbbeqpgwvdlhlcp/Build/Intermediates.noindex/CapApp-SPM.build/Debug-iphonesimulator/CapApp-SPM.build/Objects-normal/arm64/CapApp-SPM.SwiftFileList -DSWIFT_PACKAGE -DDEBUG -DSWIFT_MODULE_RESOURCE_BUNDLE_UNAVAILABLE -DXcode -plugin-path /Applications/Xcode_26.6.app/Contents/Developer/Toolchains/XcodeDefault.xctoolchain/usr/lib/swift/host/plugins/testing -enable-experimental-feature DebugDescriptionMacro -sdk /Applications/Xcode_26.6.app/Contents/Developer/Platforms/iPhoneSimulator.platform/Developer/SDKs/iPhoneSimulator26.5.sdk -target arm64-apple-ios15.0-simulator -g -module-cache-path /Users/runner/Library/Developer/Xcode/DerivedData/ModuleCache.noindex -Xfrontend -serialize-debugging-options -enable-testing -suppress-warnings -index-store-path /Users/runner/Library/Developer/Xcode/DerivedData/App-dlkunlcngirvvbbbeqpgwvdlhlcp/Index.noindex/DataStore -Xcc -D_LIBCPP_HARDENING_MODE\=_LIBCPP_HARDENING_MODE_DEBUG -swift-version 5 -I /Users/runner/Library/Developer/Xcode/DerivedData/App-dlkunlcngirvvbbbeqpgwvdlhlcp/Build/Products/Debug-iphonesimulator -Isystem /Applications/Xcode_26.6.app/Contents/Developer/Platforms/iPhoneSimulator.platform/Developer/usr/lib -F /Users/runner/Library/Developer/Xcode/DerivedData/App-dlkunlcngirvvbbbeqpgwvdlhlcp/Build/Products/Debug-iphonesimulator/PackageFrameworks -F /Users/runner/Library/Developer/Xcode/DerivedData/App-dlkunlcngirvvbbbeqpgwvdlhlcp/Build/Products/Debug-iphonesimulator/PackageFrameworks -F /Users/runner/Library/Developer/Xcode/DerivedData/App-dlkunlcngirvvbbbeqpgwvdlhlcp/Build/Products/Debug-iphonesimulator/PackageFrameworks -F /Users/runner/Library/Developer/Xcode/DerivedData/App-dlkunlcngirvvbbbeqpgwvdlhlcp/Build/Products/Debug-iphonesimulator -F /Applications/Xcode_26.6.app/Contents/Developer/Platforms/iPhoneSimulator.platform/Developer/Library/Frameworks -F /Applications/Xcode_26.6.app/Contents/Developer/Platforms/iPhoneSimulator.platform/Developer/SDKs/iPhoneSimulator26.5.sdk/Developer/Library/Frameworks -parse-as-library -c -j3 -enable-batch-mode -incremental -Xcc -ivfsstatcache -Xcc /Users/runner/Library/Developer/Xcode/DerivedData/SDKStatCaches.noindex/iphonesimulator26.5-23F81a-688ef53f1462e2c8f657fdc38a81448ff45c64a1807a658693f2a61704f17a36.sdkstatcache -output-file-map /Users/runner/Library/Developer/Xcode/DerivedData/App-dlkunlcngirvvbbbeqpgwvdlhlcp/Build/Intermediates.noindex/CapApp-SPM.build/Debug-iphonesimulator/CapApp-SPM.build/Objects-normal/arm64/CapApp-SPM-OutputFileMap.json -use-frontend-parseable-output -save-temps -no-color-diagnostics -explicit-module-build -module-cache-path /Users/runner/Library/Developer/Xcode/DerivedData/App-dlkunlcngirvvbbbeqpgwvdlhlcp/Build/Intermediates.noindex/SwiftExplicitPrecompiledModules -clang-scanner-module-cache-path /Users/runner/Library/Developer/Xcode/DerivedData/ModuleCache.noindex -sdk-module-cache-path /Users/runner/Library/Developer/Xcode/DerivedData/ModuleCache.noindex -serialize-diagnostics -emit-dependencies -emit-module -emit-module-path /Users/runner/Library/Developer/Xcode/DerivedData/App-dlkunlcngirvvbbbeqpgwvdlhlcp/Build/Intermediates.noindex/CapApp-SPM.build/Debug-iphonesimulator/CapApp-SPM.build/Objects-normal/arm64/CapApp_SPM.swiftmodule -validate-clang-modules-once -clang-build-session-file /Users/runner/Library/Developer/Xcode/DerivedData/ModuleCache.noindex/Session.modulevalidation -package-name capapp_spm -Xcc -I/Users/runner/Library/Developer/Xcode/DerivedData/App-dlkunlcngirvvbbbeqpgwvdlhlcp/Build/Intermediates.noindex/CapApp-SPM.build/Debug-iphonesimulator/CapApp-SPM.build/swift-overrides.hmap -emit-const-values -Xfrontend -const-gather-protocols-file -Xfrontend /Users/runner/Library/Developer/Xcode/DerivedData/App-dlkunlcngirvvbbbeqpgwvdlhlcp/Build/Intermediates.noindex/CapApp-SPM.build/Debug-iphonesimulator/CapApp-SPM.build/Objects-normal/arm64/CapApp-SPM_const_extract_protocols.json -Xcc -I/Users/runner/Library/Developer/Xcode/DerivedData/App-dlkunlcngirvvbbbeqpgwvdlhlcp/Build/Products/Debug-iphonesimulator/include -Xcc -I/Users/runner/Library/Developer/Xcode/DerivedData/App-dlkunlcngirvvbbbeqpgwvdlhlcp/Build/Intermediates.noindex/CapApp-SPM.build/Debug-iphonesimulator/CapApp-SPM.build/DerivedSources-normal/arm64 -Xcc -I/Users/runner/Library/Developer/Xcode/DerivedData/App-dlkunlcngirvvbbbeqpgwvdlhlcp/Build/Intermediates.noindex/CapApp-SPM.build/Debug-iphonesimulator/CapApp-SPM.build/DerivedSources/arm64 -Xcc -I/Users/runner/Library/Developer/Xcode/DerivedData/App-dlkunlcngirvvbbbeqpgwvdlhlcp/Build/Intermediates.noindex/CapApp-SPM.build/Debug-iphonesimulator/CapApp-SPM.build/DerivedSources -Xcc -DSWIFT_PACKAGE -Xcc -DDEBUG\=1 -emit-objc-header -emit-objc-header-path /Users/runner/Library/Developer/Xcode/DerivedData/App-dlkunlcngirvvbbbeqpgwvdlhlcp/Build/Intermediates.noindex/CapApp-SPM.build/Debug-iphonesimulator/CapApp-SPM.build/Objects-normal/arm64/CapApp-SPM-Swift.h -working-directory /Users/runner/work/Voro/Voro/ios/App/App.xcodeproj -experimental-emit-module-separately -disable-cmo

SwiftMergeGeneratedHeaders /Users/runner/Library/Developer/Xcode/DerivedData/App-dlkunlcngirvvbbbeqpgwvdlhlcp/Build/Intermediates.noindex/GeneratedModuleMaps-iphonesimulator/CapApp-SPM-Swift.h /Users/runner/Library/Developer/Xcode/DerivedData/App-dlkunlcngirvvbbbeqpgwvdlhlcp/Build/Intermediates.noindex/CapApp-SPM.build/Debug-iphonesimulator/CapApp-SPM.build/Objects-normal/arm64/CapApp-SPM-Swift.h (in target 'CapApp-SPM' from project 'CapApp-SPM')
    cd /Users/runner/work/Voro/Voro/ios/App/CapApp-SPM
    builtin-swiftHeaderTool -arch arm64 /Users/runner/Library/Developer/Xcode/DerivedData/App-dlkunlcngirvvbbbeqpgwvdlhlcp/Build/Intermediates.noindex/CapApp-SPM.build/Debug-iphonesimulator/CapApp-SPM.build/Objects-normal/arm64/CapApp-SPM-Swift.h -o /Users/runner/Library/Developer/Xcode/DerivedData/App-dlkunlcngirvvbbbeqpgwvdlhlcp/Build/Intermediates.noindex/GeneratedModuleMaps-iphonesimulator/CapApp-SPM-Swift.h

Copy /Users/runner/Library/Developer/Xcode/DerivedData/App-dlkunlcngirvvbbbeqpgwvdlhlcp/Build/Products/Debug-iphonesimulator/CapApp_SPM.swiftmodule/arm64-apple-ios-simulator.swiftmodule /Users/runner/Library/Developer/Xcode/DerivedData/App-dlkunlcngirvvbbbeqpgwvdlhlcp/Build/Intermediates.noindex/CapApp-SPM.build/Debug-iphonesimulator/CapApp-SPM.build/Objects-normal/arm64/CapApp_SPM.swiftmodule (in target 'CapApp-SPM' from project 'CapApp-SPM')
    cd /Users/runner/work/Voro/Voro/ios/App/CapApp-SPM
    builtin-copy -exclude .DS_Store -exclude CVS -exclude .svn -exclude .git -exclude .hg -resolve-src-symlinks -rename /Users/runner/Library/Developer/Xcode/DerivedData/App-dlkunlcngirvvbbbeqpgwvdlhlcp/Build/Intermediates.noindex/CapApp-SPM.build/Debug-iphonesimulator/CapApp-SPM.build/Objects-normal/arm64/CapApp_SPM.swiftmodule /Users/runner/Library/Developer/Xcode/DerivedData/App-dlkunlcngirvvbbbeqpgwvdlhlcp/Build/Products/Debug-iphonesimulator/CapApp_SPM.swiftmodule/arm64-apple-ios-simulator.swiftmodule

Copy /Users/runner/Library/Developer/Xcode/DerivedData/App-dlkunlcngirvvbbbeqpgwvdlhlcp/Build/Products/Debug-iphonesimulator/CapApp_SPM.swiftmodule/arm64-apple-ios-simulator.swiftdoc /Users/runner/Library/Developer/Xcode/DerivedData/App-dlkunlcngirvvbbbeqpgwvdlhlcp/Build/Intermediates.noindex/CapApp-SPM.build/Debug-iphonesimulator/CapApp-SPM.build/Objects-normal/arm64/CapApp_SPM.swiftdoc (in target 'CapApp-SPM' from project 'CapApp-SPM')
    cd /Users/runner/work/Voro/Voro/ios/App/CapApp-SPM
    builtin-copy -exclude .DS_Store -exclude CVS -exclude .svn -exclude .git -exclude .hg -resolve-src-symlinks -rename /Users/runner/Library/Developer/Xcode/DerivedData/App-dlkunlcngirvvbbbeqpgwvdlhlcp/Build/Intermediates.noindex/CapApp-SPM.build/Debug-iphonesimulator/CapApp-SPM.build/Objects-normal/arm64/CapApp_SPM.swiftdoc /Users/runner/Library/Developer/Xcode/DerivedData/App-dlkunlcngirvvbbbeqpgwvdlhlcp/Build/Products/Debug-iphonesimulator/CapApp_SPM.swiftmodule/arm64-apple-ios-simulator.swiftdoc

Copy /Users/runner/Library/Developer/Xcode/DerivedData/App-dlkunlcngirvvbbbeqpgwvdlhlcp/Build/Products/Debug-iphonesimulator/CapApp_SPM.swiftmodule/arm64-apple-ios-simulator.abi.json /Users/runner/Library/Developer/Xcode/DerivedData/App-dlkunlcngirvvbbbeqpgwvdlhlcp/Build/Intermediates.noindex/CapApp-SPM.build/Debug-iphonesimulator/CapApp-SPM.build/Objects-normal/arm64/CapApp_SPM.abi.json (in target 'CapApp-SPM' from project 'CapApp-SPM')
    cd /Users/runner/work/Voro/Voro/ios/App/CapApp-SPM
    builtin-copy -exclude .DS_Store -exclude CVS -exclude .svn -exclude .git -exclude .hg -resolve-src-symlinks -rename /Users/runner/Library/Developer/Xcode/DerivedData/App-dlkunlcngirvvbbbeqpgwvdlhlcp/Build/Intermediates.noindex/CapApp-SPM.build/Debug-iphonesimulator/CapApp-SPM.build/Objects-normal/arm64/CapApp_SPM.abi.json /Users/runner/Library/Developer/Xcode/DerivedData/App-dlkunlcngirvvbbbeqpgwvdlhlcp/Build/Products/Debug-iphonesimulator/CapApp_SPM.swiftmodule/arm64-apple-ios-simulator.abi.json

Copy /Users/runner/Library/Developer/Xcode/DerivedData/App-dlkunlcngirvvbbbeqpgwvdlhlcp/Build/Products/Debug-iphonesimulator/CapApp_SPM.swiftmodule/Project/arm64-apple-ios-simulator.swiftsourceinfo /Users/runner/Library/Developer/Xcode/DerivedData/App-dlkunlcngirvvbbbeqpgwvdlhlcp/Build/Intermediates.noindex/CapApp-SPM.build/Debug-iphonesimulator/CapApp-SPM.build/Objects-normal/arm64/CapApp_SPM.swiftsourceinfo (in target 'CapApp-SPM' from project 'CapApp-SPM')
    cd /Users/runner/work/Voro/Voro/ios/App/CapApp-SPM
    builtin-copy -exclude .DS_Store -exclude CVS -exclude .svn -exclude .git -exclude .hg -resolve-src-symlinks -rename /Users/runner/Library/Developer/Xcode/DerivedData/App-dlkunlcngirvvbbbeqpgwvdlhlcp/Build/Intermediates.noindex/CapApp-SPM.build/Debug-iphonesimulator/CapApp-SPM.build/Objects-normal/arm64/CapApp_SPM.swiftsourceinfo /Users/runner/Library/Developer/Xcode/DerivedData/App-dlkunlcngirvvbbbeqpgwvdlhlcp/Build/Products/Debug-iphonesimulator/CapApp_SPM.swiftmodule/Project/arm64-apple-ios-simulator.swiftsourceinfo

ExtractAppIntentsMetadata (in target 'FilesystemPlugin' from project 'CapacitorFilesystem')
    cd /Users/runner/work/Voro/Voro/node_modules/@capacitor/filesystem
    /Applications/Xcode_26.6.app/Contents/Developer/Toolchains/XcodeDefault.xctoolchain/usr/bin/appintentsmetadataprocessor --toolchain-dir /var/run/com.apple.security.cryptexd/mnt/com.apple.MobileAsset.MetalToolchain-v17.6.109.0.i19eCT/Metal.xctoolchain --module-name FilesystemPlugin --sdk-root /Applications/Xcode_26.6.app/Contents/Developer/Platforms/iPhoneSimulator.platform/Developer/SDKs/iPhoneSimulator26.5.sdk --xcode-version 17F113 --platform-family iOS --deployment-target 15.0 --bundle-identifier filesystem.FilesystemPlugin --output /Users/runner/Library/Developer/Xcode/DerivedData/App-dlkunlcngirvvbbbeqpgwvdlhlcp/Build/Products/Debug-iphonesimulator/FilesystemPlugin.appintents --target-triple arm64-apple-ios15.0-simulator --binary-file /Users/runner/Library/Developer/Xcode/DerivedData/App-dlkunlcngirvvbbbeqpgwvdlhlcp/Build/Products/Debug-iphonesimulator/FilesystemPlugin.o --dependency-file /Users/runner/Library/Developer/Xcode/DerivedData/App-dlkunlcngirvvbbbeqpgwvdlhlcp/Build/Intermediates.noindex/CapacitorFilesystem.build/Debug-iphonesimulator/FilesystemPlugin.build/Objects-normal/arm64/FilesystemPlugin_dependency_info.dat --stringsdata-file /Users/runner/Library/Developer/Xcode/DerivedData/App-dlkunlcngirvvbbbeqpgwvdlhlcp/Build/Intermediates.noindex/CapacitorFilesystem.build/Debug-iphonesimulator/FilesystemPlugin.build/Objects-normal/arm64/ExtractedAppShortcutsMetadata.stringsdata --source-file-list /Users/runner/Library/Developer/Xcode/DerivedData/App-dlkunlcngirvvbbbeqpgwvdlhlcp/Build/Intermediates.noindex/CapacitorFilesystem.build/Debug-iphonesimulator/FilesystemPlugin.build/Objects-normal/arm64/FilesystemPlugin.SwiftFileList --metadata-file-list /Users/runner/Library/Developer/Xcode/DerivedData/App-dlkunlcngirvvbbbeqpgwvdlhlcp/Build/Intermediates.noindex/CapacitorFilesystem.build/Debug-iphonesimulator/FilesystemPlugin.build/FilesystemPlugin.DependencyMetadataFileList --static-metadata-file-list /Users/runner/Library/Developer/Xcode/DerivedData/App-dlkunlcngirvvbbbeqpgwvdlhlcp/Build/Intermediates.noindex/CapacitorFilesystem.build/Debug-iphonesimulator/FilesystemPlugin.build/FilesystemPlugin.DependencyStaticMetadataFileList --swift-const-vals-list /Users/runner/Library/Developer/Xcode/DerivedData/App-dlkunlcngirvvbbbeqpgwvdlhlcp/Build/Intermediates.noindex/CapacitorFilesystem.build/Debug-iphonesimulator/FilesystemPlugin.build/Objects-normal/arm64/FilesystemPlugin.SwiftConstValuesFileList --force --compile-time-extraction --deployment-aware-processing --validate-assistant-intents --no-app-shortcuts-localization
2026-09-28 20:14:28.272 appintentsmetadataprocessor[12341:43004] Starting appintentsmetadataprocessor export
2026-09-28 20:14:28.285 appintentsmetadataprocessor[12341:43004] Extracted no relevant App Intents symbols, skipping writing output

RegisterExecutionPolicyException /Users/runner/Library/Developer/Xcode/DerivedData/App-dlkunlcngirvvbbbeqpgwvdlhlcp/Build/Products/Debug-iphonesimulator/SharePlugin.o (in target 'SharePlugin' from project 'CapacitorShare')
    cd /Users/runner/work/Voro/Voro/node_modules/@capacitor/share
    builtin-RegisterExecutionPolicyException /Users/runner/Library/Developer/Xcode/DerivedData/App-dlkunlcngirvvbbbeqpgwvdlhlcp/Build/Products/Debug-iphonesimulator/SharePlugin.o

MkDir /Users/runner/Library/Developer/Xcode/DerivedData/App-dlkunlcngirvvbbbeqpgwvdlhlcp/Build/Intermediates.noindex/App.build/Debug-iphonesimulator/App.build/assetcatalog_output/unthinned (in target 'App' from project 'App')
    cd /Users/runner/work/Voro/Voro/ios/App
    /bin/mkdir -p /Users/runner/Library/Developer/Xcode/DerivedData/App-dlkunlcngirvvbbbeqpgwvdlhlcp/Build/Intermediates.noindex/App.build/Debug-iphonesimulator/App.build/assetcatalog_output/unthinned

MkDir /Users/runner/Library/Developer/Xcode/DerivedData/App-dlkunlcngirvvbbbeqpgwvdlhlcp/Build/Intermediates.noindex/App.build/Debug-iphonesimulator/App.build/assetcatalog_output/thinned (in target 'App' from project 'App')
    cd /Users/runner/work/Voro/Voro/ios/App
    /bin/mkdir -p /Users/runner/Library/Developer/Xcode/DerivedData/App-dlkunlcngirvvbbbeqpgwvdlhlcp/Build/Intermediates.noindex/App.build/Debug-iphonesimulator/App.build/assetcatalog_output/thinned

GenerateAssetSymbols /Users/runner/work/Voro/Voro/ios/App/App/Assets.xcassets (in target 'App' from project 'App')
    cd /Users/runner/work/Voro/Voro/ios/App
    /Applications/Xcode_26.6.app/Contents/Developer/usr/bin/actool /Users/runner/work/Voro/Voro/ios/App/App/Assets.xcassets --compile /Users/runner/Library/Developer/Xcode/DerivedData/App-dlkunlcngirvvbbbeqpgwvdlhlcp/Build/Products/Debug-iphonesimulator/App.app --output-format human-readable-text --notices --warnings --export-dependency-info /Users/runner/Library/Developer/Xcode/DerivedData/App-dlkunlcngirvvbbbeqpgwvdlhlcp/Build/Intermediates.noindex/App.build/Debug-iphonesimulator/App.build/assetcatalog_dependencies --output-partial-info-plist /Users/runner/Library/Developer/Xcode/DerivedData/App-dlkunlcngirvvbbbeqpgwvdlhlcp/Build/Intermediates.noindex/App.build/Debug-iphonesimulator/App.build/assetcatalog_generated_info.plist --app-icon AppIcon --compress-pngs --enable-on-demand-resources YES --development-region en --target-device iphone --target-device ipad --minimum-deployment-target 15.0 --platform iphonesimulator --bundle-identifier com.dmkr.voro --generate-swift-asset-symbol-extensions NO --generate-swift-asset-symbols /Users/runner/Library/Developer/Xcode/DerivedData/App-dlkunlcngirvvbbbeqpgwvdlhlcp/Build/Intermediates.noindex/App.build/Debug-iphonesimulator/App.build/DerivedSources/GeneratedAssetSymbols.swift --generate-objc-asset-symbols /Users/runner/Library/Developer/Xcode/DerivedData/App-dlkunlcngirvvbbbeqpgwvdlhlcp/Build/Intermediates.noindex/App.build/Debug-iphonesimulator/App.build/DerivedSources/GeneratedAssetSymbols.h --generate-asset-symbol-index /Users/runner/Library/Developer/Xcode/DerivedData/App-dlkunlcngirvvbbbeqpgwvdlhlcp/Build/Intermediates.noindex/App.build/Debug-iphonesimulator/App.build/DerivedSources/GeneratedAssetSymbols-Index.plist
/* com.apple.actool.compilation-results */
/Users/runner/Library/Developer/Xcode/DerivedData/App-dlkunlcngirvvbbbeqpgwvdlhlcp/Build/Intermediates.noindex/App.build/Debug-iphonesimulator/App.build/DerivedSources/GeneratedAssetSymbols-Index.plist
/Users/runner/Library/Developer/Xcode/DerivedData/App-dlkunlcngirvvbbbeqpgwvdlhlcp/Build/Intermediates.noindex/App.build/Debug-iphonesimulator/App.build/DerivedSources/GeneratedAssetSymbols.h
/Users/runner/Library/Developer/Xcode/DerivedData/App-dlkunlcngirvvbbbeqpgwvdlhlcp/Build/Intermediates.noindex/App.build/Debug-iphonesimulator/App.build/DerivedSources/GeneratedAssetSymbols.swift


SwiftDriverJobDiscovery normal arm64 Compiling CapApp-SPM.swift (in target 'CapApp-SPM' from project 'CapApp-SPM')

CompileAssetCatalogVariant thinned /Users/runner/Library/Developer/Xcode/DerivedData/App-dlkunlcngirvvbbbeqpgwvdlhlcp/Build/Products/Debug-iphonesimulator/App.app /Users/runner/work/Voro/Voro/ios/App/App/Assets.xcassets (in target 'App' from project 'App')
    cd /Users/runner/work/Voro/Voro/ios/App
    /Applications/Xcode_26.6.app/Contents/Developer/usr/bin/actool /Users/runner/work/Voro/Voro/ios/App/App/Assets.xcassets --compile /Users/runner/Library/Developer/Xcode/DerivedData/App-dlkunlcngirvvbbbeqpgwvdlhlcp/Build/Intermediates.noindex/App.build/Debug-iphonesimulator/App.build/assetcatalog_output/thinned --output-format human-readable-text --notices --warnings --export-dependency-info /Users/runner/Library/Developer/Xcode/DerivedData/App-dlkunlcngirvvbbbeqpgwvdlhlcp/Build/Intermediates.noindex/App.build/Debug-iphonesimulator/App.build/assetcatalog_dependencies_thinned --output-partial-info-plist /Users/runner/Library/Developer/Xcode/DerivedData/App-dlkunlcngirvvbbbeqpgwvdlhlcp/Build/Intermediates.noindex/App.build/Debug-iphonesimulator/App.build/assetcatalog_generated_info.plist_thinned --app-icon AppIcon --compress-pngs --enable-on-demand-resources YES --filter-for-thinning-device-configuration iPad17,4-A --filter-for-device-os-version 26.4.1 --development-region en --target-device iphone --target-device ipad --minimum-deployment-target 15.0 --platform iphonesimulator
/* com.apple.actool.compilation-results */
/Users/runner/Library/Developer/Xcode/DerivedData/App-dlkunlcngirvvbbbeqpgwvdlhlcp/Build/Intermediates.noindex/App.build/Debug-iphonesimulator/App.build/assetcatalog_generated_info.plist_thinned
/Users/runner/Library/Developer/Xcode/DerivedData/App-dlkunlcngirvvbbbeqpgwvdlhlcp/Build/Intermediates.noindex/App.build/Debug-iphonesimulator/App.build/assetcatalog_output/thinned/AppIcon60x60@2x.png
/Users/runner/Library/Developer/Xcode/DerivedData/App-dlkunlcngirvvbbbeqpgwvdlhlcp/Build/Intermediates.noindex/App.build/Debug-iphonesimulator/App.build/assetcatalog_output/thinned/AppIcon76x76@2x~ipad.png
/Users/runner/Library/Developer/Xcode/DerivedData/App-dlkunlcngirvvbbbeqpgwvdlhlcp/Build/Intermediates.noindex/App.build/Debug-iphonesimulator/App.build/assetcatalog_output/thinned/Assets.car


SwiftDriver\ Compilation CapApp-SPM normal arm64 com.apple.xcode.tools.swift.compiler (in target 'CapApp-SPM' from project 'CapApp-SPM')
    cd /Users/runner/work/Voro/Voro/ios/App/App.xcodeproj
    builtin-Swift-Compilation -- /Applications/Xcode_26.6.app/Contents/Developer/Toolchains/XcodeDefault.xctoolchain/usr/bin/swiftc -module-name CapApp_SPM -Onone @/Users/runner/Library/Developer/Xcode/DerivedData/App-dlkunlcngirvvbbbeqpgwvdlhlcp/Build/Intermediates.noindex/CapApp-SPM.build/Debug-iphonesimulator/CapApp-SPM.build/Objects-normal/arm64/CapApp-SPM.SwiftFileList -DSWIFT_PACKAGE -DDEBUG -DSWIFT_MODULE_RESOURCE_BUNDLE_UNAVAILABLE -DXcode -plugin-path /Applications/Xcode_26.6.app/Contents/Developer/Toolchains/XcodeDefault.xctoolchain/usr/lib/swift/host/plugins/testing -enable-experimental-feature DebugDescriptionMacro -sdk /Applications/Xcode_26.6.app/Contents/Developer/Platforms/iPhoneSimulator.platform/Developer/SDKs/iPhoneSimulator26.5.sdk -target arm64-apple-ios15.0-simulator -g -module-cache-path /Users/runner/Library/Developer/Xcode/DerivedData/ModuleCache.noindex -Xfrontend -serialize-debugging-options -enable-testing -suppress-warnings -index-store-path /Users/runner/Library/Developer/Xcode/DerivedData/App-dlkunlcngirvvbbbeqpgwvdlhlcp/Index.noindex/DataStore -Xcc -D_LIBCPP_HARDENING_MODE\=_LIBCPP_HARDENING_MODE_DEBUG -swift-version 5 -I /Users/runner/Library/Developer/Xcode/DerivedData/App-dlkunlcngirvvbbbeqpgwvdlhlcp/Build/Products/Debug-iphonesimulator -Isystem /Applications/Xcode_26.6.app/Contents/Developer/Platforms/iPhoneSimulator.platform/Developer/usr/lib -F /Users/runner/Library/Developer/Xcode/DerivedData/App-dlkunlcngirvvbbbeqpgwvdlhlcp/Build/Products/Debug-iphonesimulator/PackageFrameworks -F /Users/runner/Library/Developer/Xcode/DerivedData/App-dlkunlcngirvvbbbeqpgwvdlhlcp/Build/Products/Debug-iphonesimulator/PackageFrameworks -F /Users/runner/Library/Developer/Xcode/DerivedData/App-dlkunlcngirvvbbbeqpgwvdlhlcp/Build/Products/Debug-iphonesimulator/PackageFrameworks -F /Users/runner/Library/Developer/Xcode/DerivedData/App-dlkunlcngirvvbbbeqpgwvdlhlcp/Build/Products/Debug-iphonesimulator -F /Applications/Xcode_26.6.app/Contents/Developer/Platforms/iPhoneSimulator.platform/Developer/Library/Frameworks -F /Applications/Xcode_26.6.app/Contents/Developer/Platforms/iPhoneSimulator.platform/Developer/SDKs/iPhoneSimulator26.5.sdk/Developer/Library/Frameworks -parse-as-library -c -j3 -enable-batch-mode -incremental -Xcc -ivfsstatcache -Xcc /Users/runner/Library/Developer/Xcode/DerivedData/SDKStatCaches.noindex/iphonesimulator26.5-23F81a-688ef53f1462e2c8f657fdc38a81448ff45c64a1807a658693f2a61704f17a36.sdkstatcache -output-file-map /Users/runner/Library/Developer/Xcode/DerivedData/App-dlkunlcngirvvbbbeqpgwvdlhlcp/Build/Intermediates.noindex/CapApp-SPM.build/Debug-iphonesimulator/CapApp-SPM.build/Objects-normal/arm64/CapApp-SPM-OutputFileMap.json -use-frontend-parseable-output -save-temps -no-color-diagnostics -explicit-module-build -module-cache-path /Users/runner/Library/Developer/Xcode/DerivedData/App-dlkunlcngirvvbbbeqpgwvdlhlcp/Build/Intermediates.noindex/SwiftExplicitPrecompiledModules -clang-scanner-module-cache-path /Users/runner/Library/Developer/Xcode/DerivedData/ModuleCache.noindex -sdk-module-cache-path /Users/runner/Library/Developer/Xcode/DerivedData/ModuleCache.noindex -serialize-diagnostics -emit-dependencies -emit-module -emit-module-path /Users/runner/Library/Developer/Xcode/DerivedData/App-dlkunlcngirvvbbbeqpgwvdlhlcp/Build/Intermediates.noindex/CapApp-SPM.build/Debug-iphonesimulator/CapApp-SPM.build/Objects-normal/arm64/CapApp_SPM.swiftmodule -validate-clang-modules-once -clang-build-session-file /Users/runner/Library/Developer/Xcode/DerivedData/ModuleCache.noindex/Session.modulevalidation -package-name capapp_spm -Xcc -I/Users/runner/Library/Developer/Xcode/DerivedData/App-dlkunlcngirvvbbbeqpgwvdlhlcp/Build/Intermediates.noindex/CapApp-SPM.build/Debug-iphonesimulator/CapApp-SPM.build/swift-overrides.hmap -emit-const-values -Xfrontend -const-gather-protocols-file -Xfrontend /Users/runner/Library/Developer/Xcode/DerivedData/App-dlkunlcngirvvbbbeqpgwvdlhlcp/Build/Intermediates.noindex/CapApp-SPM.build/Debug-iphonesimulator/CapApp-SPM.build/Objects-normal/arm64/CapApp-SPM_const_extract_protocols.json -Xcc -I/Users/runner/Library/Developer/Xcode/DerivedData/App-dlkunlcngirvvbbbeqpgwvdlhlcp/Build/Products/Debug-iphonesimulator/include -Xcc -I/Users/runner/Library/Developer/Xcode/DerivedData/App-dlkunlcngirvvbbbeqpgwvdlhlcp/Build/Intermediates.noindex/CapApp-SPM.build/Debug-iphonesimulator/CapApp-SPM.build/DerivedSources-normal/arm64 -Xcc -I/Users/runner/Library/Developer/Xcode/DerivedData/App-dlkunlcngirvvbbbeqpgwvdlhlcp/Build/Intermediates.noindex/CapApp-SPM.build/Debug-iphonesimulator/CapApp-SPM.build/DerivedSources/arm64 -Xcc -I/Users/runner/Library/Developer/Xcode/DerivedData/App-dlkunlcngirvvbbbeqpgwvdlhlcp/Build/Intermediates.noindex/CapApp-SPM.build/Debug-iphonesimulator/CapApp-SPM.build/DerivedSources -Xcc -DSWIFT_PACKAGE -Xcc -DDEBUG\=1 -emit-objc-header -emit-objc-header-path /Users/runner/Library/Developer/Xcode/DerivedData/App-dlkunlcngirvvbbbeqpgwvdlhlcp/Build/Intermediates.noindex/CapApp-SPM.build/Debug-iphonesimulator/CapApp-SPM.build/Objects-normal/arm64/CapApp-SPM-Swift.h -working-directory /Users/runner/work/Voro/Voro/ios/App/App.xcodeproj -experimental-emit-module-separately -disable-cmo

RegisterExecutionPolicyException /Users/runner/Library/Developer/Xcode/DerivedData/App-dlkunlcngirvvbbbeqpgwvdlhlcp/Build/Products/Debug-iphonesimulator/FilesystemPlugin.o (in target 'FilesystemPlugin' from project 'CapacitorFilesystem')
    cd /Users/runner/work/Voro/Voro/node_modules/@capacitor/filesystem
    builtin-RegisterExecutionPolicyException /Users/runner/Library/Developer/Xcode/DerivedData/App-dlkunlcngirvvbbbeqpgwvdlhlcp/Build/Products/Debug-iphonesimulator/FilesystemPlugin.o

Ld /Users/runner/Library/Developer/Xcode/DerivedData/App-dlkunlcngirvvbbbeqpgwvdlhlcp/Build/Products/Debug-iphonesimulator/CapApp-SPM.o normal (in target 'CapApp-SPM' from project 'CapApp-SPM')
    cd /Users/runner/work/Voro/Voro/ios/App/CapApp-SPM
    /Applications/Xcode_26.6.app/Contents/Developer/Toolchains/XcodeDefault.xctoolchain/usr/bin/clang -Xlinker -reproducible -target arm64-apple-ios15.0-simulator -r -isysroot /Applications/Xcode_26.6.app/Contents/Developer/Platforms/iPhoneSimulator.platform/Developer/SDKs/iPhoneSimulator26.5.sdk -O0 -w -F/Users/runner/Library/Developer/Xcode/DerivedData/App-dlkunlcngirvvbbbeqpgwvdlhlcp/Build/Intermediates.noindex/EagerLinkingTBDs/Debug-iphonesimulator -F/Users/runner/Library/Developer/Xcode/DerivedData/App-dlkunlcngirvvbbbeqpgwvdlhlcp/Build/Products/Debug-iphonesimulator/PackageFrameworks -F/Users/runner/Library/Developer/Xcode/DerivedData/App-dlkunlcngirvvbbbeqpgwvdlhlcp/Build/Products/Debug-iphonesimulator/PackageFrameworks -F/Users/runner/Library/Developer/Xcode/DerivedData/App-dlkunlcngirvvbbbeqpgwvdlhlcp/Build/Products/Debug-iphonesimulator/PackageFrameworks -F/Users/runner/Library/Developer/Xcode/DerivedData/App-dlkunlcngirvvbbbeqpgwvdlhlcp/Build/Products/Debug-iphonesimulator -iframework /Applications/Xcode_26.6.app/Contents/Developer/Platforms/iPhoneSimulator.platform/Developer/Library/Frameworks -iframework /Applications/Xcode_26.6.app/Contents/Developer/Platforms/iPhoneSimulator.platform/Developer/SDKs/iPhoneSimulator26.5.sdk/Developer/Library/Frameworks -filelist /Users/runner/Library/Developer/Xcode/DerivedData/App-dlkunlcngirvvbbbeqpgwvdlhlcp/Build/Intermediates.noindex/CapApp-SPM.build/Debug-iphonesimulator/CapApp-SPM.build/Objects-normal/arm64/CapApp-SPM.LinkFileList -nostdlib -Xlinker -object_path_lto -Xlinker /Users/runner/Library/Developer/Xcode/DerivedData/App-dlkunlcngirvvbbbeqpgwvdlhlcp/Build/Intermediates.noindex/CapApp-SPM.build/Debug-iphonesimulator/CapApp-SPM.build/Objects-normal/arm64/CapApp-SPM_lto.o -Xlinker -no_deduplicate -Xlinker -objc_abi_version -Xlinker 2 -Xlinker -dependency_info -Xlinker /Users/runner/Library/Developer/Xcode/DerivedData/App-dlkunlcngirvvbbbeqpgwvdlhlcp/Build/Intermediates.noindex/CapApp-SPM.build/Debug-iphonesimulator/CapApp-SPM.build/Objects-normal/arm64/CapApp-SPM_dependency_info.dat -fobjc-link-runtime -L/Applications/Xcode_26.6.app/Contents/Developer/Toolchains/XcodeDefault.xctoolchain/usr/lib/swift/iphonesimulator -L/usr/lib/swift -Xlinker -add_ast_path -Xlinker /Users/runner/Library/Developer/Xcode/DerivedData/App-dlkunlcngirvvbbbeqpgwvdlhlcp/Build/Intermediates.noindex/CapApp-SPM.build/Debug-iphonesimulator/CapApp-SPM.build/Objects-normal/arm64/CapApp_SPM.swiftmodule @/Users/runner/Library/Developer/Xcode/DerivedData/App-dlkunlcngirvvbbbeqpgwvdlhlcp/Build/Intermediates.noindex/CapApp-SPM.build/Debug-iphonesimulator/CapApp-SPM.build/Objects-normal/arm64/CapApp_SPM-linker-args.resp -o /Users/runner/Library/Developer/Xcode/DerivedData/App-dlkunlcngirvvbbbeqpgwvdlhlcp/Build/Products/Debug-iphonesimulator/CapApp-SPM.o

ExtractAppIntentsMetadata (in target 'CapApp-SPM' from project 'CapApp-SPM')
    cd /Users/runner/work/Voro/Voro/ios/App/CapApp-SPM
    /Applications/Xcode_26.6.app/Contents/Developer/Toolchains/XcodeDefault.xctoolchain/usr/bin/appintentsmetadataprocessor --toolchain-dir /var/run/com.apple.security.cryptexd/mnt/com.apple.MobileAsset.MetalToolchain-v17.6.109.0.i19eCT/Metal.xctoolchain --module-name CapApp_SPM --sdk-root /Applications/Xcode_26.6.app/Contents/Developer/Platforms/iPhoneSimulator.platform/Developer/SDKs/iPhoneSimulator26.5.sdk --xcode-version 17F113 --platform-family iOS --deployment-target 15.0 --bundle-identifier capapp-spm.CapApp-SPM --output /Users/runner/Library/Developer/Xcode/DerivedData/App-dlkunlcngirvvbbbeqpgwvdlhlcp/Build/Products/Debug-iphonesimulator/CapApp_SPM.appintents --target-triple arm64-apple-ios15.0-simulator --binary-file /Users/runner/Library/Developer/Xcode/DerivedData/App-dlkunlcngirvvbbbeqpgwvdlhlcp/Build/Products/Debug-iphonesimulator/CapApp-SPM.o --dependency-file /Users/runner/Library/Developer/Xcode/DerivedData/App-dlkunlcngirvvbbbeqpgwvdlhlcp/Build/Intermediates.noindex/CapApp-SPM.build/Debug-iphonesimulator/CapApp-SPM.build/Objects-normal/arm64/CapApp-SPM_dependency_info.dat --stringsdata-file /Users/runner/Library/Developer/Xcode/DerivedData/App-dlkunlcngirvvbbbeqpgwvdlhlcp/Build/Intermediates.noindex/CapApp-SPM.build/Debug-iphonesimulator/CapApp-SPM.build/Objects-normal/arm64/ExtractedAppShortcutsMetadata.stringsdata --source-file-list /Users/runner/Library/Developer/Xcode/DerivedData/App-dlkunlcngirvvbbbeqpgwvdlhlcp/Build/Intermediates.noindex/CapApp-SPM.build/Debug-iphonesimulator/CapApp-SPM.build/Objects-normal/arm64/CapApp-SPM.SwiftFileList --metadata-file-list /Users/runner/Library/Developer/Xcode/DerivedData/App-dlkunlcngirvvbbbeqpgwvdlhlcp/Build/Intermediates.noindex/CapApp-SPM.build/Debug-iphonesimulator/CapApp-SPM.build/CapApp-SPM.DependencyMetadataFileList --static-metadata-file-list /Users/runner/Library/Developer/Xcode/DerivedData/App-dlkunlcngirvvbbbeqpgwvdlhlcp/Build/Intermediates.noindex/CapApp-SPM.build/Debug-iphonesimulator/CapApp-SPM.build/CapApp-SPM.DependencyStaticMetadataFileList --swift-const-vals-list /Users/runner/Library/Developer/Xcode/DerivedData/App-dlkunlcngirvvbbbeqpgwvdlhlcp/Build/Intermediates.noindex/CapApp-SPM.build/Debug-iphonesimulator/CapApp-SPM.build/Objects-normal/arm64/CapApp-SPM.SwiftConstValuesFileList --force --compile-time-extraction --deployment-aware-processing --validate-assistant-intents --no-app-shortcuts-localization
2026-09-28 20:14:28.358 appintentsmetadataprocessor[12346:43017] Starting appintentsmetadataprocessor export
2026-09-28 20:14:28.368 appintentsmetadataprocessor[12346:43017] Extracted no relevant App Intents symbols, skipping writing output

RegisterExecutionPolicyException /Users/runner/Library/Developer/Xcode/DerivedData/App-dlkunlcngirvvbbbeqpgwvdlhlcp/Build/Products/Debug-iphonesimulator/CapApp-SPM.o (in target 'CapApp-SPM' from project 'CapApp-SPM')
    cd /Users/runner/work/Voro/Voro/ios/App/CapApp-SPM
    builtin-RegisterExecutionPolicyException /Users/runner/Library/Developer/Xcode/DerivedData/App-dlkunlcngirvvbbbeqpgwvdlhlcp/Build/Products/Debug-iphonesimulator/CapApp-SPM.o

SwiftDriver App normal arm64 com.apple.xcode.tools.swift.compiler (in target 'App' from project 'App')
    cd /Users/runner/work/Voro/Voro/ios/App
    builtin-SwiftDriver -- /Applications/Xcode_26.6.app/Contents/Developer/Toolchains/XcodeDefault.xctoolchain/usr/bin/swiftc -module-name App -Onone @/Users/runner/Library/Developer/Xcode/DerivedData/App-dlkunlcngirvvbbbeqpgwvdlhlcp/Build/Intermediates.noindex/App.build/Debug-iphonesimulator/App.build/Objects-normal/arm64/App.SwiftFileList -DDEBUG -D COCOAPODS -DDEBUG -enable-bare-slash-regex -enable-experimental-feature DebugDescriptionMacro -sdk /Applications/Xcode_26.6.app/Contents/Developer/Platforms/iPhoneSimulator.platform/Developer/SDKs/iPhoneSimulator26.5.sdk -target arm64-apple-ios15.0-simulator -g -module-cache-path /Users/runner/Library/Developer/Xcode/DerivedData/ModuleCache.noindex -Xfrontend -serialize-debugging-options -enable-testing -index-store-path /Users/runner/Library/Developer/Xcode/DerivedData/App-dlkunlcngirvvbbbeqpgwvdlhlcp/Index.noindex/DataStore -Xcc -D_LIBCPP_HARDENING_MODE\=_LIBCPP_HARDENING_MODE_DEBUG -swift-version 5 -I /Users/runner/Library/Developer/Xcode/DerivedData/App-dlkunlcngirvvbbbeqpgwvdlhlcp/Build/Products/Debug-iphonesimulator -F /Users/runner/Library/Developer/Xcode/DerivedData/App-dlkunlcngirvvbbbeqpgwvdlhlcp/Build/Products/Debug-iphonesimulator/PackageFrameworks -F /Users/runner/Library/Developer/Xcode/DerivedData/App-dlkunlcngirvvbbbeqpgwvdlhlcp/Build/Products/Debug-iphonesimulator/PackageFrameworks -F /Users/runner/Library/Developer/Xcode/DerivedData/App-dlkunlcngirvvbbbeqpgwvdlhlcp/Build/Products/Debug-iphonesimulator/PackageFrameworks -F /Users/runner/Library/Developer/Xcode/DerivedData/App-dlkunlcngirvvbbbeqpgwvdlhlcp/Build/Products/Debug-iphonesimulator/PackageFrameworks -F /Users/runner/Library/Developer/Xcode/DerivedData/App-dlkunlcngirvvbbbeqpgwvdlhlcp/Build/Products/Debug-iphonesimulator -c -j3 -enable-batch-mode -incremental -Xcc -ivfsstatcache -Xcc /Users/runner/Library/Developer/Xcode/DerivedData/SDKStatCaches.noindex/iphonesimulator26.5-23F81a-688ef53f1462e2c8f657fdc38a81448ff45c64a1807a658693f2a61704f17a36.sdkstatcache -output-file-map /Users/runner/Library/Developer/Xcode/DerivedData/App-dlkunlcngirvvbbbeqpgwvdlhlcp/Build/Intermediates.noindex/App.build/Debug-iphonesimulator/App.build/Objects-normal/arm64/App-OutputFileMap.json -use-frontend-parseable-output -save-temps -no-color-diagnostics -explicit-module-build -module-cache-path /Users/runner/Library/Developer/Xcode/DerivedData/App-dlkunlcngirvvbbbeqpgwvdlhlcp/Build/Intermediates.noindex/SwiftExplicitPrecompiledModules -clang-scanner-module-cache-path /Users/runner/Library/Developer/Xcode/DerivedData/ModuleCache.noindex -sdk-module-cache-path /Users/runner/Library/Developer/Xcode/DerivedData/ModuleCache.noindex -serialize-diagnostics -emit-dependencies -emit-module -emit-module-path /Users/runner/Library/Developer/Xcode/DerivedData/App-dlkunlcngirvvbbbeqpgwvdlhlcp/Build/Intermediates.noindex/App.build/Debug-iphonesimulator/App.build/Objects-normal/arm64/App.swiftmodule -validate-clang-modules-once -clang-build-session-file /Users/runner/Library/Developer/Xcode/DerivedData/ModuleCache.noindex/Session.modulevalidation -Xcc -I/Users/runner/Library/Developer/Xcode/DerivedData/App-dlkunlcngirvvbbbeqpgwvdlhlcp/Build/Intermediates.noindex/App.build/Debug-iphonesimulator/App.build/swift-overrides.hmap -emit-const-values -Xfrontend -const-gather-protocols-file -Xfrontend /Users/runner/Library/Developer/Xcode/DerivedData/App-dlkunlcngirvvbbbeqpgwvdlhlcp/Build/Intermediates.noindex/App.build/Debug-iphonesimulator/App.build/Objects-normal/arm64/App_const_extract_protocols.json -Xcc -iquote -Xcc /Users/runner/Library/Developer/Xcode/DerivedData/App-dlkunlcngirvvbbbeqpgwvdlhlcp/Build/Intermediates.noindex/App.build/Debug-iphonesimulator/App.build/App-generated-files.hmap -Xcc -I/Users/runner/Library/Developer/Xcode/DerivedData/App-dlkunlcngirvvbbbeqpgwvdlhlcp/Build/Intermediates.noindex/App.build/Debug-iphonesimulator/App.build/App-own-target-headers.hmap -Xcc -I/Users/runner/Library/Developer/Xcode/DerivedData/App-dlkunlcngirvvbbbeqpgwvdlhlcp/Build/Intermediates.noindex/App.build/Debug-iphonesimulator/App.build/App-all-non-framework-target-headers.hmap -Xcc -ivfsoverlay -Xcc /Users/runner/Library/Developer/Xcode/DerivedData/App-dlkunlcngirvvbbbeqpgwvdlhlcp/Build/Intermediates.noindex/App.build/Debug-iphonesimulator/App-0ca3007d900a678c2b4d53418799ee3d-VFS-iphonesimulator/all-product-headers.yaml -Xcc -iquote -Xcc /Users/runner/Library/Developer/Xcode/DerivedData/App-dlkunlcngirvvbbbeqpgwvdlhlcp/Build/Intermediates.noindex/App.build/Debug-iphonesimulator/App.build/App-project-headers.hmap -Xcc -I/Users/runner/Library/Developer/Xcode/DerivedData/App-dlkunlcngirvvbbbeqpgwvdlhlcp/Build/Products/Debug-iphonesimulator/include -Xcc -I/Users/runner/Library/Developer/Xcode/DerivedData/App-dlkunlcngirvvbbbeqpgwvdlhlcp/Build/Intermediates.noindex/App.build/Debug-iphonesimulator/App.build/DerivedSources-normal/arm64 -Xcc -I/Users/runner/Library/Developer/Xcode/DerivedData/App-dlkunlcngirvvbbbeqpgwvdlhlcp/Build/Intermediates.noindex/App.build/Debug-iphonesimulator/App.build/DerivedSources/arm64 -Xcc -I/Users/runner/Library/Developer/Xcode/DerivedData/App-dlkunlcngirvvbbbeqpgwvdlhlcp/Build/Intermediates.noindex/App.build/Debug-iphonesimulator/App.build/DerivedSources -Xcc -DDEBUG\=1 -emit-objc-header -emit-objc-header-path /Users/runner/Library/Developer/Xcode/DerivedData/App-dlkunlcngirvvbbbeqpgwvdlhlcp/Build/Intermediates.noindex/App.build/Debug-iphonesimulator/App.build/Objects-normal/arm64/App-Swift.h -working-directory /Users/runner/work/Voro/Voro/ios/App -experimental-emit-module-separately -disable-cmo

CpResource /Users/runner/Library/Developer/Xcode/DerivedData/App-dlkunlcngirvvbbbeqpgwvdlhlcp/Build/Products/Debug-iphonesimulator/App.app/public /Users/runner/work/Voro/Voro/ios/App/App/public (in target 'App' from project 'App')
    cd /Users/runner/work/Voro/Voro/ios/App
    builtin-copy -exclude .DS_Store -exclude CVS -exclude .svn -exclude .git -exclude .hg -resolve-src-symlinks /Users/runner/work/Voro/Voro/ios/App/App/public /Users/runner/Library/Developer/Xcode/DerivedData/App-dlkunlcngirvvbbbeqpgwvdlhlcp/Build/Products/Debug-iphonesimulator/App.app

Ld /Users/runner/Library/Developer/Xcode/DerivedData/App-dlkunlcngirvvbbbeqpgwvdlhlcp/Build/Products/Debug-iphonesimulator/App.app/__preview.dylib normal (in target 'App' from project 'App')
    cd /Users/runner/work/Voro/Voro/ios/App
    /Applications/Xcode_26.6.app/Contents/Developer/Toolchains/XcodeDefault.xctoolchain/usr/bin/clang -Xlinker -reproducible -target arm64-apple-ios15.0-simulator -dynamiclib -isysroot /Applications/Xcode_26.6.app/Contents/Developer/Platforms/iPhoneSimulator.platform/Developer/SDKs/iPhoneSimulator26.5.sdk -O0 -L/Users/runner/Library/Developer/Xcode/DerivedData/App-dlkunlcngirvvbbbeqpgwvdlhlcp/Build/Products/Debug-iphonesimulator -F/Users/runner/Library/Developer/Xcode/DerivedData/App-dlkunlcngirvvbbbeqpgwvdlhlcp/Build/Products/Debug-iphonesimulator/PackageFrameworks -F/Users/runner/Library/Developer/Xcode/DerivedData/App-dlkunlcngirvvbbbeqpgwvdlhlcp/Build/Products/Debug-iphonesimulator/PackageFrameworks -F/Users/runner/Library/Developer/Xcode/DerivedData/App-dlkunlcngirvvbbbeqpgwvdlhlcp/Build/Products/Debug-iphonesimulator/PackageFrameworks -F/Users/runner/Library/Developer/Xcode/DerivedData/App-dlkunlcngirvvbbbeqpgwvdlhlcp/Build/Products/Debug-iphonesimulator/PackageFrameworks -F/Users/runner/Library/Developer/Xcode/DerivedData/App-dlkunlcngirvvbbbeqpgwvdlhlcp/Build/Products/Debug-iphonesimulator -install_name @rpath/App.debug.dylib -Xlinker -dead_strip -rdynamic -Xlinker -no_deduplicate -Xlinker -objc_abi_version -Xlinker 2 -Xlinker -dependency_info -Xlinker /Users/runner/Library/Developer/Xcode/DerivedData/App-dlkunlcngirvvbbbeqpgwvdlhlcp/Build/Intermediates.noindex/App.build/Debug-iphonesimulator/App.build/Objects-normal/arm64/App_dependency_info.dat -o /Users/runner/Library/Developer/Xcode/DerivedData/App-dlkunlcngirvvbbbeqpgwvdlhlcp/Build/Products/Debug-iphonesimulator/App.app/__preview.dylib

SwiftExplicitDependencyGeneratePcm arm64 /Users/runner/Library/Developer/Xcode/DerivedData/ModuleCache.noindex/_SwiftConcurrencyShims-4KKVRAVQYQHYK78482W4R7Y0E.pcm

SwiftExplicitDependencyGeneratePcm arm64 /Users/runner/Library/Developer/Xcode/DerivedData/ModuleCache.noindex/ptrauth-99KW7CKVZXSQOHY38O3KXSSTT.pcm

SwiftExplicitDependencyGeneratePcm arm64 /Users/runner/Library/Developer/Xcode/DerivedData/ModuleCache.noindex/_Builtin_stddef-DWO58UINTQGF5NN6EL74ARD99.pcm

SwiftExplicitDependencyGeneratePcm arm64 /Users/runner/Library/Developer/Xcode/DerivedData/ModuleCache.noindex/SwiftShims-25GF3K3ZWSIY4T115Z2UEBZRL.pcm

SwiftExplicitDependencyGeneratePcm arm64 /Users/runner/Library/Developer/Xcode/DerivedData/ModuleCache.noindex/_Builtin_float-DRI87QHPGHDIV0UGRIVM1OVSM.pcm

SwiftExplicitDependencyGeneratePcm arm64 /Users/runner/Library/Developer/Xcode/DerivedData/ModuleCache.noindex/_Builtin_stdarg-20TTVJBLLUY68CTJF1YJ48AZH.pcm

SwiftExplicitDependencyGeneratePcm arm64 /Users/runner/Library/Developer/Xcode/DerivedData/ModuleCache.noindex/_Builtin_stdbool-BXY040X58V8IZOC6WDNJXHXCV.pcm

SwiftExplicitDependencyGeneratePcm arm64 /Users/runner/Library/Developer/Xcode/DerivedData/ModuleCache.noindex/ptrcheck-WAV18TPZUVHKV3LXIRAFLYN7.pcm

SwiftExplicitDependencyGeneratePcm arm64 /Users/runner/Library/Developer/Xcode/DerivedData/ModuleCache.noindex/_AvailabilityInternal-6DZPBQ1GDR5VQVTX2KC3CFZKH.pcm

SwiftExplicitDependencyGeneratePcm arm64 /Users/runner/Library/Developer/Xcode/DerivedData/ModuleCache.noindex/DeveloperToolsSupport-61KBSG06XH7JULTKC4JJAZYGU.pcm

CpResource /Users/runner/Library/Developer/Xcode/DerivedData/App-dlkunlcngirvvbbbeqpgwvdlhlcp/Build/Products/Debug-iphonesimulator/App.app/config.xml /Users/runner/work/Voro/Voro/ios/App/App/config.xml (in target 'App' from project 'App')
    cd /Users/runner/work/Voro/Voro/ios/App
    builtin-copy -exclude .DS_Store -exclude CVS -exclude .svn -exclude .git -exclude .hg -resolve-src-symlinks /Users/runner/work/Voro/Voro/ios/App/App/config.xml /Users/runner/Library/Developer/Xcode/DerivedData/App-dlkunlcngirvvbbbeqpgwvdlhlcp/Build/Products/Debug-iphonesimulator/App.app

SwiftExplicitDependencyGeneratePcm arm64 /Users/runner/Library/Developer/Xcode/DerivedData/ModuleCache.noindex/_DarwinFoundation1-ANGWZ3QPJMCIIRYDIFF6F0A2Q.pcm

CpResource /Users/runner/Library/Developer/Xcode/DerivedData/App-dlkunlcngirvvbbbeqpgwvdlhlcp/Build/Products/Debug-iphonesimulator/App.app/capacitor.config.json /Users/runner/work/Voro/Voro/ios/App/App/capacitor.config.json (in target 'App' from project 'App')
    cd /Users/runner/work/Voro/Voro/ios/App
    builtin-copy -exclude .DS_Store -exclude CVS -exclude .svn -exclude .git -exclude .hg -resolve-src-symlinks /Users/runner/work/Voro/Voro/ios/App/App/capacitor.config.json /Users/runner/Library/Developer/Xcode/DerivedData/App-dlkunlcngirvvbbbeqpgwvdlhlcp/Build/Products/Debug-iphonesimulator/App.app

CpResource /Users/runner/Library/Developer/Xcode/DerivedData/App-dlkunlcngirvvbbbeqpgwvdlhlcp/Build/Products/Debug-iphonesimulator/App.app/PrivacyInfo.xcprivacy /Users/runner/work/Voro/Voro/ios/App/App/PrivacyInfo.xcprivacy (in target 'App' from project 'App')
    cd /Users/runner/work/Voro/Voro/ios/App
    builtin-copy -exclude .DS_Store -exclude CVS -exclude .svn -exclude .git -exclude .hg -resolve-src-symlinks /Users/runner/work/Voro/Voro/ios/App/App/PrivacyInfo.xcprivacy /Users/runner/Library/Developer/Xcode/DerivedData/App-dlkunlcngirvvbbbeqpgwvdlhlcp/Build/Products/Debug-iphonesimulator/App.app

Copy /Users/runner/Library/Developer/Xcode/DerivedData/App-dlkunlcngirvvbbbeqpgwvdlhlcp/Build/Products/Debug-iphonesimulator/App.app/Frameworks/Cordova.framework /Users/runner/Library/Developer/Xcode/DerivedData/App-dlkunlcngirvvbbbeqpgwvdlhlcp/SourcePackages/artifacts/capacitor-swift-pm/Cordova/Cordova.xcframework/ios-arm64_x86_64-simulator/Cordova.framework (in target 'App' from project 'App')
    cd /Users/runner/work/Voro/Voro/ios/App
    builtin-copy -exclude .DS_Store -exclude CVS -exclude .svn -exclude .git -exclude .hg -exclude Headers -exclude PrivateHeaders -exclude Modules -exclude \*.tbd -resolve-src-symlinks -remove-static-executable /Users/runner/Library/Developer/Xcode/DerivedData/App-dlkunlcngirvvbbbeqpgwvdlhlcp/SourcePackages/artifacts/capacitor-swift-pm/Cordova/Cordova.xcframework/ios-arm64_x86_64-simulator/Cordova.framework /Users/runner/Library/Developer/Xcode/DerivedData/App-dlkunlcngirvvbbbeqpgwvdlhlcp/Build/Products/Debug-iphonesimulator/App.app/Frameworks

Copy /Users/runner/Library/Developer/Xcode/DerivedData/App-dlkunlcngirvvbbbeqpgwvdlhlcp/Build/Products/Debug-iphonesimulator/App.app/Frameworks/Capacitor.framework /Users/runner/Library/Developer/Xcode/DerivedData/App-dlkunlcngirvvbbbeqpgwvdlhlcp/SourcePackages/artifacts/capacitor-swift-pm/Capacitor/Capacitor.xcframework/ios-arm64_x86_64-simulator/Capacitor.framework (in target 'App' from project 'App')
    cd /Users/runner/work/Voro/Voro/ios/App
    builtin-copy -exclude .DS_Store -exclude CVS -exclude .svn -exclude .git -exclude .hg -exclude Headers -exclude PrivateHeaders -exclude Modules -exclude \*.tbd -resolve-src-symlinks -remove-static-executable /Users/runner/Library/Developer/Xcode/DerivedData/App-dlkunlcngirvvbbbeqpgwvdlhlcp/SourcePackages/artifacts/capacitor-swift-pm/Capacitor/Capacitor.xcframework/ios-arm64_x86_64-simulator/Capacitor.framework /Users/runner/Library/Developer/Xcode/DerivedData/App-dlkunlcngirvvbbbeqpgwvdlhlcp/Build/Products/Debug-iphonesimulator/App.app/Frameworks

CompileStoryboard /Users/runner/work/Voro/Voro/ios/App/App/Base.lproj/Main.storyboard (in target 'App' from project 'App')
    cd /Users/runner/work/Voro/Voro/ios/App
    /Applications/Xcode_26.6.app/Contents/Developer/usr/bin/ibtool --errors --warnings --notices --module App --output-partial-info-plist /Users/runner/Library/Developer/Xcode/DerivedData/App-dlkunlcngirvvbbbeqpgwvdlhlcp/Build/Intermediates.noindex/App.build/Debug-iphonesimulator/App.build/Base.lproj/Main-SBPartialInfo.plist --auto-activate-custom-fonts --target-device iphone --target-device ipad --minimum-deployment-target 15.0 --output-format human-readable-text /Users/runner/work/Voro/Voro/ios/App/App/Base.lproj/Main.storyboard --compilation-directory /Users/runner/Library/Developer/Xcode/DerivedData/App-dlkunlcngirvvbbbeqpgwvdlhlcp/Build/Intermediates.noindex/App.build/Debug-iphonesimulator/App.build/Base.lproj

CompileStoryboard /Users/runner/work/Voro/Voro/ios/App/App/Base.lproj/LaunchScreen.storyboard (in target 'App' from project 'App')
    cd /Users/runner/work/Voro/Voro/ios/App
    /Applications/Xcode_26.6.app/Contents/Developer/usr/bin/ibtool --errors --warnings --notices --module App --output-partial-info-plist /Users/runner/Library/Developer/Xcode/DerivedData/App-dlkunlcngirvvbbbeqpgwvdlhlcp/Build/Intermediates.noindex/App.build/Debug-iphonesimulator/App.build/Base.lproj/LaunchScreen-SBPartialInfo.plist --auto-activate-custom-fonts --target-device iphone --target-device ipad --minimum-deployment-target 15.0 --output-format human-readable-text /Users/runner/work/Voro/Voro/ios/App/App/Base.lproj/LaunchScreen.storyboard --compilation-directory /Users/runner/Library/Developer/Xcode/DerivedData/App-dlkunlcngirvvbbbeqpgwvdlhlcp/Build/Intermediates.noindex/App.build/Debug-iphonesimulator/App.build/Base.lproj

SwiftExplicitDependencyGeneratePcm arm64 /Users/runner/Library/Developer/Xcode/DerivedData/ModuleCache.noindex/_DarwinFoundation2-30EAKIEMLPFIAZ2LNB2G4ILWF.pcm

SwiftExplicitDependencyGeneratePcm arm64 /Users/runner/Library/Developer/Xcode/DerivedData/ModuleCache.noindex/_Builtin_limits-AV62CHGU5T6PIMK4ZV6R4N1WH.pcm

SwiftExplicitDependencyGeneratePcm arm64 /Users/runner/Library/Developer/Xcode/DerivedData/ModuleCache.noindex/_Builtin_tgmath-BJVZJINKJNFRZCMY9V2E2E98U.pcm

SwiftExplicitDependencyGeneratePcm arm64 /Users/runner/Library/Developer/Xcode/DerivedData/ModuleCache.noindex/ExtensionFoundation-6628HWWV07UYCHL51SSUY6CVX.pcm

SwiftExplicitDependencyGeneratePcm arm64 /Users/runner/Library/Developer/Xcode/DerivedData/ModuleCache.noindex/sys_types-3WFJB1QNQT9HFLHJI0FG7PKCY.pcm

SwiftExplicitDependencyGeneratePcm arm64 /Users/runner/Library/Developer/Xcode/DerivedData/ModuleCache.noindex/_Builtin_stdint-A50XLKTB75Q7HJSX20NLCDUCC.pcm

SwiftExplicitDependencyGeneratePcm arm64 /Users/runner/Library/Developer/Xcode/DerivedData/ModuleCache.noindex/_Builtin_intrinsics-4KGL842L7V5UUL5DB22ZU9HDA.pcm

SwiftExplicitDependencyGeneratePcm arm64 /Users/runner/Library/Developer/Xcode/DerivedData/ModuleCache.noindex/_Builtin_stdatomic-8PHN86WU604AYPILVOIQTNR65.pcm

SwiftExplicitDependencyGeneratePcm arm64 /Users/runner/Library/Developer/Xcode/DerivedData/ModuleCache.noindex/simd-8GVFQ6R6BWGAURRZG38Y8OE1A.pcm

SwiftExplicitDependencyGeneratePcm arm64 /Users/runner/Library/Developer/Xcode/DerivedData/ModuleCache.noindex/_DarwinFoundation3-6DD217POB8BARVOV9UQ89H754.pcm

SwiftExplicitDependencyGeneratePcm arm64 /Users/runner/Library/Developer/Xcode/DerivedData/ModuleCache.noindex/Spatial-C7MHDB01YPJTHLBLLIQ7CMENC.pcm

SwiftExplicitDependencyGeneratePcm arm64 /Users/runner/Library/Developer/Xcode/DerivedData/ModuleCache.noindex/CommonCrypto-5ZZZ2YRMALSAO7KJYITJYOZ0R.pcm

SwiftExplicitDependencyGeneratePcm arm64 /Users/runner/Library/Developer/Xcode/DerivedData/ModuleCache.noindex/_Builtin_inttypes-73EZH83H58MM24JFLUTCF3XBR.pcm

SwiftExplicitDependencyGeneratePcm arm64 /Users/runner/Library/Developer/Xcode/DerivedData/ModuleCache.noindex/Darwin-APF3C2ZN9FXR10PA1SRA3PO98.pcm

SwiftExplicitDependencyGeneratePcm arm64 /Users/runner/Library/Developer/Xcode/DerivedData/ModuleCache.noindex/MachO-EJV0RP6V75PXZFNOFMV7VU8RV.pcm

SwiftExplicitDependencyGeneratePcm arm64 /Users/runner/Library/Developer/Xcode/DerivedData/ModuleCache.noindex/ObjectiveC-B802B6QK4BJJ63CGILBWI02OB.pcm

SwiftExplicitDependencyGeneratePcm arm64 /Users/runner/Library/Developer/Xcode/DerivedData/ModuleCache.noindex/os_object-AF02TD8G4ZEZ3GXQY1PH0FSNT.pcm

LinkStoryboards (in target 'App' from project 'App')
    cd /Users/runner/work/Voro/Voro/ios/App
    /Applications/Xcode_26.6.app/Contents/Developer/usr/bin/ibtool --errors --warnings --notices --module App --target-device iphone --target-device ipad --minimum-deployment-target 15.0 --output-format human-readable-text --link /Users/runner/Library/Developer/Xcode/DerivedData/App-dlkunlcngirvvbbbeqpgwvdlhlcp/Build/Products/Debug-iphonesimulator/App.app /Users/runner/Library/Developer/Xcode/DerivedData/App-dlkunlcngirvvbbbeqpgwvdlhlcp/Build/Intermediates.noindex/App.build/Debug-iphonesimulator/App.build/Base.lproj/LaunchScreen.storyboardc /Users/runner/Library/Developer/Xcode/DerivedData/App-dlkunlcngirvvbbbeqpgwvdlhlcp/Build/Intermediates.noindex/App.build/Debug-iphonesimulator/App.build/Base.lproj/Main.storyboardc

SwiftExplicitDependencyGeneratePcm arm64 /Users/runner/Library/Developer/Xcode/DerivedData/ModuleCache.noindex/os_workgroup-73NYE0NKG4RHX1UTM23RBIAWC.pcm

SwiftExplicitDependencyGeneratePcm arm64 /Users/runner/Library/Developer/Xcode/DerivedData/ModuleCache.noindex/Dispatch-3KN2919J4WK06BTC8UFCB42FN.pcm

SwiftExplicitDependencyGeneratePcm arm64 /Users/runner/Library/Developer/Xcode/DerivedData/ModuleCache.noindex/XPC-55NK3COZI48F3N2K2V8KFWCC1.pcm

SwiftExplicitDependencyGeneratePcm arm64 /Users/runner/Library/Developer/Xcode/DerivedData/ModuleCache.noindex/dnssd-ADI1EP21JY0T7XPB85BID4OJU.pcm

SwiftExplicitDependencyGeneratePcm arm64 /Users/runner/Library/Developer/Xcode/DerivedData/ModuleCache.noindex/CoreFoundation-8O1NNKID9BZPZI1HHDYA9QSN8.pcm

SwiftExplicitDependencyGeneratePcm arm64 /Users/runner/Library/Developer/Xcode/DerivedData/ModuleCache.noindex/os-7HEU2P5Q9W31LMJ19ZXYYVXSS.pcm

SwiftExplicitDependencyGeneratePcm arm64 /Users/runner/Library/Developer/Xcode/DerivedData/ModuleCache.noindex/CoreGraphics-BLKTZREZS9TJL5Y3Y0V3MUFRO.pcm

SwiftExplicitDependencyGeneratePcm arm64 /Users/runner/Library/Developer/Xcode/DerivedData/ModuleCache.noindex/CFNetwork-2GF6GF914KIFQ38MZKXVA3J7I.pcm

SwiftExplicitDependencyGeneratePcm arm64 /Users/runner/Library/Developer/Xcode/DerivedData/ModuleCache.noindex/Security-95EHSFZOAPJ358UFK25YA3AQD.pcm

SwiftExplicitDependencyGeneratePcm arm64 /Users/runner/Library/Developer/Xcode/DerivedData/ModuleCache.noindex/ImageIO-1E2X9DD074CC95S3HN9D1IL5U.pcm

SwiftExplicitDependencyGeneratePcm arm64 /Users/runner/Library/Developer/Xcode/DerivedData/ModuleCache.noindex/CoreText-4EBQHS853T98K6ZTQTFX16U9I.pcm

SwiftExplicitDependencyGeneratePcm arm64 /Users/runner/Library/Developer/Xcode/DerivedData/ModuleCache.noindex/Foundation-1PTEE9RGH68MBUWZNWKWC193Z.pcm

SwiftExplicitDependencyGeneratePcm arm64 /Users/runner/Library/Developer/Xcode/DerivedData/ModuleCache.noindex/UIUtilities-DXFEK0IECSX8PAMNU2S9G0GGX.pcm

SwiftExplicitDependencyGeneratePcm arm64 /Users/runner/Library/Developer/Xcode/DerivedData/ModuleCache.noindex/UniformTypeIdentifiers-47LTBOG29G6NM2EM2NGT5R1T6.pcm

SwiftExplicitDependencyGeneratePcm arm64 /Users/runner/Library/Developer/Xcode/DerivedData/ModuleCache.noindex/Accessibility-6RYZQOEO1N4UXHKDPKMT1D45A.pcm

SwiftExplicitDependencyGeneratePcm arm64 /Users/runner/Library/Developer/Xcode/DerivedData/ModuleCache.noindex/BackgroundAssets-4FFOR2D95GOZ39AE90XTQUZ9Y.pcm

SwiftExplicitDependencyGeneratePcm arm64 /Users/runner/Library/Developer/Xcode/DerivedData/ModuleCache.noindex/DataDetection-6SYUEZOG1HRAXQ176ZCACSYXQ.pcm

SwiftExplicitDependencyGeneratePcm arm64 /Users/runner/Library/Developer/Xcode/DerivedData/ModuleCache.noindex/CoreData-8LDZC0X103VE8R8OBZTLG3OUC.pcm

SwiftExplicitDependencyGeneratePcm arm64 /Users/runner/Library/Developer/Xcode/DerivedData/ModuleCache.noindex/Symbols-9GQ0YDSHLIVN04OWAYR6HDOHL.pcm

SwiftExplicitDependencyGeneratePcm arm64 /Users/runner/Library/Developer/Xcode/DerivedData/ModuleCache.noindex/FileProvider-EV22JPVA1HLL2AQ1VKDPT5ACG.pcm

SwiftExplicitDependencyGeneratePcm arm64 /Users/runner/Library/Developer/Xcode/DerivedData/ModuleCache.noindex/Network-3QROYKFIEUE3JVAFUBCFX7VVQ.pcm

SwiftExplicitDependencyGeneratePcm arm64 /Users/runner/Library/Developer/Xcode/DerivedData/ModuleCache.noindex/UserNotifications-7P7MEL69A4HM1XOO31HBWLEPC.pcm

SwiftExplicitDependencyGeneratePcm arm64 /Users/runner/Library/Developer/Xcode/DerivedData/ModuleCache.noindex/LocalAuthentication-DA3J9OLSV7OZG03PLFOVSPCLE.pcm

SwiftExplicitDependencyGeneratePcm arm64 /Users/runner/Library/Developer/Xcode/DerivedData/ModuleCache.noindex/OSLog-JELT6ZLAXSAQA917ROMIQAQD.pcm

SwiftExplicitDependencyGeneratePcm arm64 /Users/runner/Library/Developer/Xcode/DerivedData/ModuleCache.noindex/OpenGLES-4NKEV3L6CLUARBBYKZS70K8V.pcm

SwiftExplicitDependencyGeneratePcm arm64 /Users/runner/Library/Developer/Xcode/DerivedData/ModuleCache.noindex/IOSurface-97KA04QGQHV850AXUA05LMB58.pcm

SwiftExplicitDependencyGeneratePcm arm64 /Users/runner/Library/Developer/Xcode/DerivedData/ModuleCache.noindex/CoreTransferable-ATYR50YZ8UXEMVZ0C414V2ATZ.pcm

SwiftExplicitDependencyGeneratePcm arm64 /Users/runner/Library/Developer/Xcode/DerivedData/ModuleCache.noindex/Metal-CLJRFHE5G9CUUKBMXC13CSYDO.pcm

SwiftExplicitDependencyGeneratePcm arm64 /Users/runner/Library/Developer/Xcode/DerivedData/ModuleCache.noindex/CoreVideo-4QFECY7SPZQ1AQJAIUXCZ4GFZ.pcm

SwiftExplicitDependencyGeneratePcm arm64 /Users/runner/Library/Developer/Xcode/DerivedData/ModuleCache.noindex/QuartzCore-66AHQ13MM6PSTBWUZAIY7XCW9.pcm

SwiftExplicitDependencyGeneratePcm arm64 /Users/runner/Library/Developer/Xcode/DerivedData/ModuleCache.noindex/CoreImage-2XOWYSEH6N8WXT2PHC5R1THSB.pcm

SwiftExplicitDependencyGeneratePcm arm64 /Users/runner/Library/Developer/Xcode/DerivedData/ModuleCache.noindex/SwiftUICore-4XCD93VCTZTA0381JBAMF03NF.pcm

SwiftExplicitDependencyGeneratePcm arm64 /Users/runner/Library/Developer/Xcode/DerivedData/ModuleCache.noindex/UIKit-CVDQ4ZFZ3C09E3QHZA1IQWWUB.pcm

SwiftExplicitDependencyGeneratePcm arm64 /Users/runner/Library/Developer/Xcode/DerivedData/ModuleCache.noindex/StoreKit-1DIVDOETE30UOCSZWWDM4M5L1.pcm

SwiftExplicitDependencyGeneratePcm arm64 /Users/runner/Library/Developer/Xcode/DerivedData/ModuleCache.noindex/SwiftUI-21HO5GXGWMPI9BSAIULZAIM08.pcm

SwiftExplicitDependencyGeneratePcm arm64 /Users/runner/Library/Developer/Xcode/DerivedData/ModuleCache.noindex/WebKit-CNPFIOQZVA6BCEZV06CB2DEWL.pcm

SwiftExplicitDependencyGeneratePcm arm64 /Users/runner/Library/Developer/Xcode/DerivedData/App-dlkunlcngirvvbbbeqpgwvdlhlcp/Build/Intermediates.noindex/SwiftExplicitPrecompiledModules/Cordova-CVTLN0E0PLO70HZOB9PGOP07G.pcm

SwiftExplicitDependencyGeneratePcm arm64 /Users/runner/Library/Developer/Xcode/DerivedData/App-dlkunlcngirvvbbbeqpgwvdlhlcp/Build/Intermediates.noindex/SwiftExplicitPrecompiledModules/Capacitor-BZQBTSE9XZGZ5MYKWGB92L3OE.pcm

SwiftExplicitDependencyCompileModuleFromInterface arm64 /Users/runner/Library/Developer/Xcode/DerivedData/App-dlkunlcngirvvbbbeqpgwvdlhlcp/Build/Intermediates.noindex/SwiftExplicitPrecompiledModules/Capacitor-1LD1C6HXFGGHP.swiftmodule

SwiftEmitModule normal arm64 Emitting\ module\ for\ App (in target 'App' from project 'App')
EmitSwiftModule normal arm64 (in target 'App' from project 'App')
    cd /Users/runner/work/Voro/Voro/ios/App
    

SwiftCompile normal arm64 Compiling\ GeneratedAssetSymbols.swift /Users/runner/Library/Developer/Xcode/DerivedData/App-dlkunlcngirvvbbbeqpgwvdlhlcp/Build/Intermediates.noindex/App.build/Debug-iphonesimulator/App.build/DerivedSources/GeneratedAssetSymbols.swift (in target 'App' from project 'App')
SwiftCompile normal arm64 /Users/runner/Library/Developer/Xcode/DerivedData/App-dlkunlcngirvvbbbeqpgwvdlhlcp/Build/Intermediates.noindex/App.build/Debug-iphonesimulator/App.build/DerivedSources/GeneratedAssetSymbols.swift (in target 'App' from project 'App')
    cd /Users/runner/work/Voro/Voro/ios/App
    

SwiftCompile normal arm64 Compiling\ SceneDelegate.swift /Users/runner/work/Voro/Voro/ios/App/App/SceneDelegate.swift (in target 'App' from project 'App')

SwiftCompile normal arm64 /Users/runner/work/Voro/Voro/ios/App/App/SceneDelegate.swift (in target 'App' from project 'App')
    cd /Users/runner/work/Voro/Voro/ios/App
    

LinkAssetCatalog /Users/runner/work/Voro/Voro/ios/App/App/Assets.xcassets (in target 'App' from project 'App')
    cd /Users/runner/work/Voro/Voro/ios/App
    builtin-linkAssetCatalog --thinned /Users/runner/Library/Developer/Xcode/DerivedData/App-dlkunlcngirvvbbbeqpgwvdlhlcp/Build/Intermediates.noindex/App.build/Debug-iphonesimulator/App.build/assetcatalog_output/thinned --thinned-dependencies /Users/runner/Library/Developer/Xcode/DerivedData/App-dlkunlcngirvvbbbeqpgwvdlhlcp/Build/Intermediates.noindex/App.build/Debug-iphonesimulator/App.build/assetcatalog_dependencies_thinned --thinned-info-plist-content /Users/runner/Library/Developer/Xcode/DerivedData/App-dlkunlcngirvvbbbeqpgwvdlhlcp/Build/Intermediates.noindex/App.build/Debug-iphonesimulator/App.build/assetcatalog_generated_info.plist_thinned --unthinned /Users/runner/Library/Developer/Xcode/DerivedData/App-dlkunlcngirvvbbbeqpgwvdlhlcp/Build/Intermediates.noindex/App.build/Debug-iphonesimulator/App.build/assetcatalog_output/unthinned --unthinned-dependencies /Users/runner/Library/Developer/Xcode/DerivedData/App-dlkunlcngirvvbbbeqpgwvdlhlcp/Build/Intermediates.noindex/App.build/Debug-iphonesimulator/App.build/assetcatalog_dependencies_unthinned --unthinned-info-plist-content /Users/runner/Library/Developer/Xcode/DerivedData/App-dlkunlcngirvvbbbeqpgwvdlhlcp/Build/Intermediates.noindex/App.build/Debug-iphonesimulator/App.build/assetcatalog_generated_info.plist_unthinned --output /Users/runner/Library/Developer/Xcode/DerivedData/App-dlkunlcngirvvbbbeqpgwvdlhlcp/Build/Products/Debug-iphonesimulator/App.app --plist-output /Users/runner/Library/Developer/Xcode/DerivedData/App-dlkunlcngirvvbbbeqpgwvdlhlcp/Build/Intermediates.noindex/App.build/Debug-iphonesimulator/App.build/assetcatalog_generated_info.plist
note: Emplaced /Users/runner/Library/Developer/Xcode/DerivedData/App-dlkunlcngirvvbbbeqpgwvdlhlcp/Build/Products/Debug-iphonesimulator/App.app/AppIcon60x60@2x.png (in target 'App' from project 'App')
note: Emplaced /Users/runner/Library/Developer/Xcode/DerivedData/App-dlkunlcngirvvbbbeqpgwvdlhlcp/Build/Products/Debug-iphonesimulator/App.app/Assets.car (in target 'App' from project 'App')
note: Emplaced /Users/runner/Library/Developer/Xcode/DerivedData/App-dlkunlcngirvvbbbeqpgwvdlhlcp/Build/Products/Debug-iphonesimulator/App.app/AppIcon76x76@2x~ipad.png (in target 'App' from project 'App')

SwiftDriverJobDiscovery normal arm64 Emitting module for App (in target 'App' from project 'App')

SwiftDriver\ Compilation\ Requirements App normal arm64 com.apple.xcode.tools.swift.compiler (in target 'App' from project 'App')
    cd /Users/runner/work/Voro/Voro/ios/App
    builtin-Swift-Compilation-Requirements -- /Applications/Xcode_26.6.app/Contents/Developer/Toolchains/XcodeDefault.xctoolchain/usr/bin/swiftc -module-name App -Onone @/Users/runner/Library/Developer/Xcode/DerivedData/App-dlkunlcngirvvbbbeqpgwvdlhlcp/Build/Intermediates.noindex/App.build/Debug-iphonesimulator/App.build/Objects-normal/arm64/App.SwiftFileList -DDEBUG -D COCOAPODS -DDEBUG -enable-bare-slash-regex -enable-experimental-feature DebugDescriptionMacro -sdk /Applications/Xcode_26.6.app/Contents/Developer/Platforms/iPhoneSimulator.platform/Developer/SDKs/iPhoneSimulator26.5.sdk -target arm64-apple-ios15.0-simulator -g -module-cache-path /Users/runner/Library/Developer/Xcode/DerivedData/ModuleCache.noindex -Xfrontend -serialize-debugging-options -enable-testing -index-store-path /Users/runner/Library/Developer/Xcode/DerivedData/App-dlkunlcngirvvbbbeqpgwvdlhlcp/Index.noindex/DataStore -Xcc -D_LIBCPP_HARDENING_MODE\=_LIBCPP_HARDENING_MODE_DEBUG -swift-version 5 -I /Users/runner/Library/Developer/Xcode/DerivedData/App-dlkunlcngirvvbbbeqpgwvdlhlcp/Build/Products/Debug-iphonesimulator -F /Users/runner/Library/Developer/Xcode/DerivedData/App-dlkunlcngirvvbbbeqpgwvdlhlcp/Build/Products/Debug-iphonesimulator/PackageFrameworks -F /Users/runner/Library/Developer/Xcode/DerivedData/App-dlkunlcngirvvbbbeqpgwvdlhlcp/Build/Products/Debug-iphonesimulator/PackageFrameworks -F /Users/runner/Library/Developer/Xcode/DerivedData/App-dlkunlcngirvvbbbeqpgwvdlhlcp/Build/Products/Debug-iphonesimulator/PackageFrameworks -F /Users/runner/Library/Developer/Xcode/DerivedData/App-dlkunlcngirvvbbbeqpgwvdlhlcp/Build/Products/Debug-iphonesimulator/PackageFrameworks -F /Users/runner/Library/Developer/Xcode/DerivedData/App-dlkunlcngirvvbbbeqpgwvdlhlcp/Build/Products/Debug-iphonesimulator -c -j3 -enable-batch-mode -incremental -Xcc -ivfsstatcache -Xcc /Users/runner/Library/Developer/Xcode/DerivedData/SDKStatCaches.noindex/iphonesimulator26.5-23F81a-688ef53f1462e2c8f657fdc38a81448ff45c64a1807a658693f2a61704f17a36.sdkstatcache -output-file-map /Users/runner/Library/Developer/Xcode/DerivedData/App-dlkunlcngirvvbbbeqpgwvdlhlcp/Build/Intermediates.noindex/App.build/Debug-iphonesimulator/App.build/Objects-normal/arm64/App-OutputFileMap.json -use-frontend-parseable-output -save-temps -no-color-diagnostics -explicit-module-build -module-cache-path /Users/runner/Library/Developer/Xcode/DerivedData/App-dlkunlcngirvvbbbeqpgwvdlhlcp/Build/Intermediates.noindex/SwiftExplicitPrecompiledModules -clang-scanner-module-cache-path /Users/runner/Library/Developer/Xcode/DerivedData/ModuleCache.noindex -sdk-module-cache-path /Users/runner/Library/Developer/Xcode/DerivedData/ModuleCache.noindex -serialize-diagnostics -emit-dependencies -emit-module -emit-module-path /Users/runner/Library/Developer/Xcode/DerivedData/App-dlkunlcngirvvbbbeqpgwvdlhlcp/Build/Intermediates.noindex/App.build/Debug-iphonesimulator/App.build/Objects-normal/arm64/App.swiftmodule -validate-clang-modules-once -clang-build-session-file /Users/runner/Library/Developer/Xcode/DerivedData/ModuleCache.noindex/Session.modulevalidation -Xcc -I/Users/runner/Library/Developer/Xcode/DerivedData/App-dlkunlcngirvvbbbeqpgwvdlhlcp/Build/Intermediates.noindex/App.build/Debug-iphonesimulator/App.build/swift-overrides.hmap -emit-const-values -Xfrontend -const-gather-protocols-file -Xfrontend /Users/runner/Library/Developer/Xcode/DerivedData/App-dlkunlcngirvvbbbeqpgwvdlhlcp/Build/Intermediates.noindex/App.build/Debug-iphonesimulator/App.build/Objects-normal/arm64/App_const_extract_protocols.json -Xcc -iquote -Xcc /Users/runner/Library/Developer/Xcode/DerivedData/App-dlkunlcngirvvbbbeqpgwvdlhlcp/Build/Intermediates.noindex/App.build/Debug-iphonesimulator/App.build/App-generated-files.hmap -Xcc -I/Users/runner/Library/Developer/Xcode/DerivedData/App-dlkunlcngirvvbbbeqpgwvdlhlcp/Build/Intermediates.noindex/App.build/Debug-iphonesimulator/App.build/App-own-target-headers.hmap -Xcc -I/Users/runner/Library/Developer/Xcode/DerivedData/App-dlkunlcngirvvbbbeqpgwvdlhlcp/Build/Intermediates.noindex/App.build/Debug-iphonesimulator/App.build/App-all-non-framework-target-headers.hmap -Xcc -ivfsoverlay -Xcc /Users/runner/Library/Developer/Xcode/DerivedData/App-dlkunlcngirvvbbbeqpgwvdlhlcp/Build/Intermediates.noindex/App.build/Debug-iphonesimulator/App-0ca3007d900a678c2b4d53418799ee3d-VFS-iphonesimulator/all-product-headers.yaml -Xcc -iquote -Xcc /Users/runner/Library/Developer/Xcode/DerivedData/App-dlkunlcngirvvbbbeqpgwvdlhlcp/Build/Intermediates.noindex/App.build/Debug-iphonesimulator/App.build/App-project-headers.hmap -Xcc -I/Users/runner/Library/Developer/Xcode/DerivedData/App-dlkunlcngirvvbbbeqpgwvdlhlcp/Build/Products/Debug-iphonesimulator/include -Xcc -I/Users/runner/Library/Developer/Xcode/DerivedData/App-dlkunlcngirvvbbbeqpgwvdlhlcp/Build/Intermediates.noindex/App.build/Debug-iphonesimulator/App.build/DerivedSources-normal/arm64 -Xcc -I/Users/runner/Library/Developer/Xcode/DerivedData/App-dlkunlcngirvvbbbeqpgwvdlhlcp/Build/Intermediates.noindex/App.build/Debug-iphonesimulator/App.build/DerivedSources/arm64 -Xcc -I/Users/runner/Library/Developer/Xcode/DerivedData/App-dlkunlcngirvvbbbeqpgwvdlhlcp/Build/Intermediates.noindex/App.build/Debug-iphonesimulator/App.build/DerivedSources -Xcc -DDEBUG\=1 -emit-objc-header -emit-objc-header-path /Users/runner/Library/Developer/Xcode/DerivedData/App-dlkunlcngirvvbbbeqpgwvdlhlcp/Build/Intermediates.noindex/App.build/Debug-iphonesimulator/App.build/Objects-normal/arm64/App-Swift.h -working-directory /Users/runner/work/Voro/Voro/ios/App -experimental-emit-module-separately -disable-cmo

ProcessInfoPlistFile /Users/runner/Library/Developer/Xcode/DerivedData/App-dlkunlcngirvvbbbeqpgwvdlhlcp/Build/Products/Debug-iphonesimulator/App.app/Info.plist /Users/runner/work/Voro/Voro/ios/App/App/Info.plist (in target 'App' from project 'App')
    cd /Users/runner/work/Voro/Voro/ios/App
    builtin-infoPlistUtility /Users/runner/work/Voro/Voro/ios/App/App/Info.plist -producttype com.apple.product-type.application -genpkginfo /Users/runner/Library/Developer/Xcode/DerivedData/App-dlkunlcngirvvbbbeqpgwvdlhlcp/Build/Products/Debug-iphonesimulator/App.app/PkgInfo -expandbuildsettings -format binary -platform iphonesimulator -additionalcontentfile /Users/runner/Library/Developer/Xcode/DerivedData/App-dlkunlcngirvvbbbeqpgwvdlhlcp/Build/Intermediates.noindex/App.build/Debug-iphonesimulator/App.build/Base.lproj/LaunchScreen-SBPartialInfo.plist -additionalcontentfile /Users/runner/Library/Developer/Xcode/DerivedData/App-dlkunlcngirvvbbbeqpgwvdlhlcp/Build/Intermediates.noindex/App.build/Debug-iphonesimulator/App.build/Base.lproj/Main-SBPartialInfo.plist -additionalcontentfile /Users/runner/Library/Developer/Xcode/DerivedData/App-dlkunlcngirvvbbbeqpgwvdlhlcp/Build/Intermediates.noindex/App.build/Debug-iphonesimulator/App.build/assetcatalog_generated_info.plist -scanforprivacyfile /Users/runner/Library/Developer/Xcode/DerivedData/App-dlkunlcngirvvbbbeqpgwvdlhlcp/Build/Products/Debug-iphonesimulator/App.app/Frameworks/Capacitor.framework -scanforprivacyfile /Users/runner/Library/Developer/Xcode/DerivedData/App-dlkunlcngirvvbbbeqpgwvdlhlcp/Build/Products/Debug-iphonesimulator/App.app/Frameworks/Cordova.framework -o /Users/runner/Library/Developer/Xcode/DerivedData/App-dlkunlcngirvvbbbeqpgwvdlhlcp/Build/Products/Debug-iphonesimulator/App.app/Info.plist

SwiftMergeGeneratedHeaders /Users/runner/Library/Developer/Xcode/DerivedData/App-dlkunlcngirvvbbbeqpgwvdlhlcp/Build/Intermediates.noindex/App.build/Debug-iphonesimulator/App.build/DerivedSources/App-Swift.h /Users/runner/Library/Developer/Xcode/DerivedData/App-dlkunlcngirvvbbbeqpgwvdlhlcp/Build/Intermediates.noindex/App.build/Debug-iphonesimulator/App.build/Objects-normal/arm64/App-Swift.h (in target 'App' from project 'App')
    cd /Users/runner/work/Voro/Voro/ios/App
    builtin-swiftHeaderTool -arch arm64 /Users/runner/Library/Developer/Xcode/DerivedData/App-dlkunlcngirvvbbbeqpgwvdlhlcp/Build/Intermediates.noindex/App.build/Debug-iphonesimulator/App.build/Objects-normal/arm64/App-Swift.h -o /Users/runner/Library/Developer/Xcode/DerivedData/App-dlkunlcngirvvbbbeqpgwvdlhlcp/Build/Intermediates.noindex/App.build/Debug-iphonesimulator/App.build/DerivedSources/App-Swift.h

Copy /Users/runner/Library/Developer/Xcode/DerivedData/App-dlkunlcngirvvbbbeqpgwvdlhlcp/Build/Products/Debug-iphonesimulator/App.swiftmodule/arm64-apple-ios-simulator.swiftmodule /Users/runner/Library/Developer/Xcode/DerivedData/App-dlkunlcngirvvbbbeqpgwvdlhlcp/Build/Intermediates.noindex/App.build/Debug-iphonesimulator/App.build/Objects-normal/arm64/App.swiftmodule (in target 'App' from project 'App')
    cd /Users/runner/work/Voro/Voro/ios/App
    builtin-copy -exclude .DS_Store -exclude CVS -exclude .svn -exclude .git -exclude .hg -resolve-src-symlinks -rename /Users/runner/Library/Developer/Xcode/DerivedData/App-dlkunlcngirvvbbbeqpgwvdlhlcp/Build/Intermediates.noindex/App.build/Debug-iphonesimulator/App.build/Objects-normal/arm64/App.swiftmodule /Users/runner/Library/Developer/Xcode/DerivedData/App-dlkunlcngirvvbbbeqpgwvdlhlcp/Build/Products/Debug-iphonesimulator/App.swiftmodule/arm64-apple-ios-simulator.swiftmodule

Copy /Users/runner/Library/Developer/Xcode/DerivedData/App-dlkunlcngirvvbbbeqpgwvdlhlcp/Build/Products/Debug-iphonesimulator/App.swiftmodule/arm64-apple-ios-simulator.swiftdoc /Users/runner/Library/Developer/Xcode/DerivedData/App-dlkunlcngirvvbbbeqpgwvdlhlcp/Build/Intermediates.noindex/App.build/Debug-iphonesimulator/App.build/Objects-normal/arm64/App.swiftdoc (in target 'App' from project 'App')
    cd /Users/runner/work/Voro/Voro/ios/App
    builtin-copy -exclude .DS_Store -exclude CVS -exclude .svn -exclude .git -exclude .hg -resolve-src-symlinks -rename /Users/runner/Library/Developer/Xcode/DerivedData/App-dlkunlcngirvvbbbeqpgwvdlhlcp/Build/Intermediates.noindex/App.build/Debug-iphonesimulator/App.build/Objects-normal/arm64/App.swiftdoc /Users/runner/Library/Developer/Xcode/DerivedData/App-dlkunlcngirvvbbbeqpgwvdlhlcp/Build/Products/Debug-iphonesimulator/App.swiftmodule/arm64-apple-ios-simulator.swiftdoc

Copy /Users/runner/Library/Developer/Xcode/DerivedData/App-dlkunlcngirvvbbbeqpgwvdlhlcp/Build/Products/Debug-iphonesimulator/App.swiftmodule/arm64-apple-ios-simulator.abi.json /Users/runner/Library/Developer/Xcode/DerivedData/App-dlkunlcngirvvbbbeqpgwvdlhlcp/Build/Intermediates.noindex/App.build/Debug-iphonesimulator/App.build/Objects-normal/arm64/App.abi.json (in target 'App' from project 'App')
    cd /Users/runner/work/Voro/Voro/ios/App
    builtin-copy -exclude .DS_Store -exclude CVS -exclude .svn -exclude .git -exclude .hg -resolve-src-symlinks -rename /Users/runner/Library/Developer/Xcode/DerivedData/App-dlkunlcngirvvbbbeqpgwvdlhlcp/Build/Intermediates.noindex/App.build/Debug-iphonesimulator/App.build/Objects-normal/arm64/App.abi.json /Users/runner/Library/Developer/Xcode/DerivedData/App-dlkunlcngirvvbbbeqpgwvdlhlcp/Build/Products/Debug-iphonesimulator/App.swiftmodule/arm64-apple-ios-simulator.abi.json

Copy /Users/runner/Library/Developer/Xcode/DerivedData/App-dlkunlcngirvvbbbeqpgwvdlhlcp/Build/Products/Debug-iphonesimulator/App.swiftmodule/Project/arm64-apple-ios-simulator.swiftsourceinfo /Users/runner/Library/Developer/Xcode/DerivedData/App-dlkunlcngirvvbbbeqpgwvdlhlcp/Build/Intermediates.noindex/App.build/Debug-iphonesimulator/App.build/Objects-normal/arm64/App.swiftsourceinfo (in target 'App' from project 'App')
    cd /Users/runner/work/Voro/Voro/ios/App
    builtin-copy -exclude .DS_Store -exclude CVS -exclude .svn -exclude .git -exclude .hg -resolve-src-symlinks -rename /Users/runner/Library/Developer/Xcode/DerivedData/App-dlkunlcngirvvbbbeqpgwvdlhlcp/Build/Intermediates.noindex/App.build/Debug-iphonesimulator/App.build/Objects-normal/arm64/App.swiftsourceinfo /Users/runner/Library/Developer/Xcode/DerivedData/App-dlkunlcngirvvbbbeqpgwvdlhlcp/Build/Products/Debug-iphonesimulator/App.swiftmodule/Project/arm64-apple-ios-simulator.swiftsourceinfo

SwiftCompile normal arm64 Compiling\ AppDelegate.swift /Users/runner/work/Voro/Voro/ios/App/App/AppDelegate.swift (in target 'App' from project 'App')

SwiftCompile normal arm64 /Users/runner/work/Voro/Voro/ios/App/App/AppDelegate.swift (in target 'App' from project 'App')
    cd /Users/runner/work/Voro/Voro/ios/App
    

SwiftDriverJobDiscovery normal arm64 Compiling AppDelegate.swift (in target 'App' from project 'App')

SwiftDriver StoreCapture normal arm64 com.apple.xcode.tools.swift.compiler (in target 'StoreCapture' from project 'App')
    cd /Users/runner/work/Voro/Voro/ios/App
    builtin-SwiftDriver -- /Applications/Xcode_26.6.app/Contents/Developer/Toolchains/XcodeDefault.xctoolchain/usr/bin/swiftc -module-name StoreCapture -Onone @/Users/runner/Library/Developer/Xcode/DerivedData/App-dlkunlcngirvvbbbeqpgwvdlhlcp/Build/Intermediates.noindex/App.build/Debug-iphonesimulator/StoreCapture.build/Objects-normal/arm64/StoreCapture.SwiftFileList -DDEBUG -module-alias Testing\=_Testing_Unavailable -plugin-path /Applications/Xcode_26.6.app/Contents/Developer/Toolchains/XcodeDefault.xctoolchain/usr/lib/swift/host/plugins/testing -enable-bare-slash-regex -enable-experimental-feature DebugDescriptionMacro -sdk /Applications/Xcode_26.6.app/Contents/Developer/Platforms/iPhoneSimulator.platform/Developer/SDKs/iPhoneSimulator26.5.sdk -target arm64-apple-ios15.0-simulator -g -module-cache-path /Users/runner/Library/Developer/Xcode/DerivedData/ModuleCache.noindex -Xfrontend -serialize-debugging-options -enable-testing -index-store-path /Users/runner/Library/Developer/Xcode/DerivedData/App-dlkunlcngirvvbbbeqpgwvdlhlcp/Index.noindex/DataStore -Xcc -D_LIBCPP_HARDENING_MODE\=_LIBCPP_HARDENING_MODE_DEBUG -swift-version 5 -I /Users/runner/Library/Developer/Xcode/DerivedData/App-dlkunlcngirvvbbbeqpgwvdlhlcp/Build/Products/Debug-iphonesimulator -Isystem /Applications/Xcode_26.6.app/Contents/Developer/Platforms/iPhoneSimulator.platform/Developer/usr/lib -F /Users/runner/Library/Developer/Xcode/DerivedData/App-dlkunlcngirvvbbbeqpgwvdlhlcp/Build/Products/Debug-iphonesimulator -F /Applications/Xcode_26.6.app/Contents/Developer/Platforms/iPhoneSimulator.platform/Developer/Library/Frameworks -F /Applications/Xcode_26.6.app/Contents/Developer/Platforms/iPhoneSimulator.platform/Developer/SDKs/iPhoneSimulator26.5.sdk/Developer/Library/Frameworks -parse-as-library -c -j3 -enable-batch-mode -incremental -Xcc -ivfsstatcache -Xcc /Users/runner/Library/Developer/Xcode/DerivedData/SDKStatCaches.noindex/iphonesimulator26.5-23F81a-688ef53f1462e2c8f657fdc38a81448ff45c64a1807a658693f2a61704f17a36.sdkstatcache -output-file-map /Users/runner/Library/Developer/Xcode/DerivedData/App-dlkunlcngirvvbbbeqpgwvdlhlcp/Build/Intermediates.noindex/App.build/Debug-iphonesimulator/StoreCapture.build/Objects-normal/arm64/StoreCapture-OutputFileMap.json -use-frontend-parseable-output -save-temps -no-color-diagnostics -explicit-module-build -module-cache-path /Users/runner/Library/Developer/Xcode/DerivedData/App-dlkunlcngirvvbbbeqpgwvdlhlcp/Build/Intermediates.noindex/SwiftExplicitPrecompiledModules -clang-scanner-module-cache-path /Users/runner/Library/Developer/Xcode/DerivedData/ModuleCache.noindex -sdk-module-cache-path /Users/runner/Library/Developer/Xcode/DerivedData/ModuleCache.noindex -serialize-diagnostics -emit-dependencies -emit-module -emit-module-path /Users/runner/Library/Developer/Xcode/DerivedData/App-dlkunlcngirvvbbbeqpgwvdlhlcp/Build/Intermediates.noindex/App.build/Debug-iphonesimulator/StoreCapture.build/Objects-normal/arm64/StoreCapture.swiftmodule -validate-clang-modules-once -clang-build-session-file /Users/runner/Library/Developer/Xcode/DerivedData/ModuleCache.noindex/Session.modulevalidation -Xcc -I/Users/runner/Library/Developer/Xcode/DerivedData/App-dlkunlcngirvvbbbeqpgwvdlhlcp/Build/Intermediates.noindex/App.build/Debug-iphonesimulator/StoreCapture.build/swift-overrides.hmap -emit-const-values -Xfrontend -const-gather-protocols-file -Xfrontend /Users/runner/Library/Developer/Xcode/DerivedData/App-dlkunlcngirvvbbbeqpgwvdlhlcp/Build/Intermediates.noindex/App.build/Debug-iphonesimulator/StoreCapture.build/Objects-normal/arm64/StoreCapture_const_extract_protocols.json -Xcc -iquote -Xcc /Users/runner/Library/Developer/Xcode/DerivedData/App-dlkunlcngirvvbbbeqpgwvdlhlcp/Build/Intermediates.noindex/App.build/Debug-iphonesimulator/StoreCapture.build/StoreCapture-generated-files.hmap -Xcc -I/Users/runner/Library/Developer/Xcode/DerivedData/App-dlkunlcngirvvbbbeqpgwvdlhlcp/Build/Intermediates.noindex/App.build/Debug-iphonesimulator/StoreCapture.build/StoreCapture-own-target-headers.hmap -Xcc -I/Users/runner/Library/Developer/Xcode/DerivedData/App-dlkunlcngirvvbbbeqpgwvdlhlcp/Build/Intermediates.noindex/App.build/Debug-iphonesimulator/StoreCapture.build/StoreCapture-all-non-framework-target-headers.hmap -Xcc -ivfsoverlay -Xcc /Users/runner/Library/Developer/Xcode/DerivedData/App-dlkunlcngirvvbbbeqpgwvdlhlcp/Build/Intermediates.noindex/App.build/Debug-iphonesimulator/App-0ca3007d900a678c2b4d53418799ee3d-VFS-iphonesimulator/all-product-headers.yaml -Xcc -iquote -Xcc /Users/runner/Library/Developer/Xcode/DerivedData/App-dlkunlcngirvvbbbeqpgwvdlhlcp/Build/Intermediates.noindex/App.build/Debug-iphonesimulator/StoreCapture.build/StoreCapture-project-headers.hmap -Xcc -I/Users/runner/Library/Developer/Xcode/DerivedData/App-dlkunlcngirvvbbbeqpgwvdlhlcp/Build/Products/Debug-iphonesimulator/include -Xcc -I/Users/runner/Library/Developer/Xcode/DerivedData/App-dlkunlcngirvvbbbeqpgwvdlhlcp/Build/Intermediates.noindex/App.build/Debug-iphonesimulator/StoreCapture.build/DerivedSources-normal/arm64 -Xcc -I/Users/runner/Library/Developer/Xcode/DerivedData/App-dlkunlcngirvvbbbeqpgwvdlhlcp/Build/Intermediates.noindex/App.build/Debug-iphonesimulator/StoreCapture.build/DerivedSources/arm64 -Xcc -I/Users/runner/Library/Developer/Xcode/DerivedData/App-dlkunlcngirvvbbbeqpgwvdlhlcp/Build/Intermediates.noindex/App.build/Debug-iphonesimulator/StoreCapture.build/DerivedSources -Xcc -DDEBUG\=1 -emit-objc-header -emit-objc-header-path /Users/runner/Library/Developer/Xcode/DerivedData/App-dlkunlcngirvvbbbeqpgwvdlhlcp/Build/Intermediates.noindex/App.build/Debug-iphonesimulator/StoreCapture.build/Objects-normal/arm64/StoreCapture-Swift.h -working-directory /Users/runner/work/Voro/Voro/ios/App -experimental-emit-module-separately -disable-cmo

SwiftDriverJobDiscovery normal arm64 Compiling SceneDelegate.swift (in target 'App' from project 'App')

SwiftDriverJobDiscovery normal arm64 Compiling GeneratedAssetSymbols.swift (in target 'App' from project 'App')

SwiftDriver\ Compilation App normal arm64 com.apple.xcode.tools.swift.compiler (in target 'App' from project 'App')
    cd /Users/runner/work/Voro/Voro/ios/App
    builtin-Swift-Compilation -- /Applications/Xcode_26.6.app/Contents/Developer/Toolchains/XcodeDefault.xctoolchain/usr/bin/swiftc -module-name App -Onone @/Users/runner/Library/Developer/Xcode/DerivedData/App-dlkunlcngirvvbbbeqpgwvdlhlcp/Build/Intermediates.noindex/App.build/Debug-iphonesimulator/App.build/Objects-normal/arm64/App.SwiftFileList -DDEBUG -D COCOAPODS -DDEBUG -enable-bare-slash-regex -enable-experimental-feature DebugDescriptionMacro -sdk /Applications/Xcode_26.6.app/Contents/Developer/Platforms/iPhoneSimulator.platform/Developer/SDKs/iPhoneSimulator26.5.sdk -target arm64-apple-ios15.0-simulator -g -module-cache-path /Users/runner/Library/Developer/Xcode/DerivedData/ModuleCache.noindex -Xfrontend -serialize-debugging-options -enable-testing -index-store-path /Users/runner/Library/Developer/Xcode/DerivedData/App-dlkunlcngirvvbbbeqpgwvdlhlcp/Index.noindex/DataStore -Xcc -D_LIBCPP_HARDENING_MODE\=_LIBCPP_HARDENING_MODE_DEBUG -swift-version 5 -I /Users/runner/Library/Developer/Xcode/DerivedData/App-dlkunlcngirvvbbbeqpgwvdlhlcp/Build/Products/Debug-iphonesimulator -F /Users/runner/Library/Developer/Xcode/DerivedData/App-dlkunlcngirvvbbbeqpgwvdlhlcp/Build/Products/Debug-iphonesimulator/PackageFrameworks -F /Users/runner/Library/Developer/Xcode/DerivedData/App-dlkunlcngirvvbbbeqpgwvdlhlcp/Build/Products/Debug-iphonesimulator/PackageFrameworks -F /Users/runner/Library/Developer/Xcode/DerivedData/App-dlkunlcngirvvbbbeqpgwvdlhlcp/Build/Products/Debug-iphonesimulator/PackageFrameworks -F /Users/runner/Library/Developer/Xcode/DerivedData/App-dlkunlcngirvvbbbeqpgwvdlhlcp/Build/Products/Debug-iphonesimulator/PackageFrameworks -F /Users/runner/Library/Developer/Xcode/DerivedData/App-dlkunlcngirvvbbbeqpgwvdlhlcp/Build/Products/Debug-iphonesimulator -c -j3 -enable-batch-mode -incremental -Xcc -ivfsstatcache -Xcc /Users/runner/Library/Developer/Xcode/DerivedData/SDKStatCaches.noindex/iphonesimulator26.5-23F81a-688ef53f1462e2c8f657fdc38a81448ff45c64a1807a658693f2a61704f17a36.sdkstatcache -output-file-map /Users/runner/Library/Developer/Xcode/DerivedData/App-dlkunlcngirvvbbbeqpgwvdlhlcp/Build/Intermediates.noindex/App.build/Debug-iphonesimulator/App.build/Objects-normal/arm64/App-OutputFileMap.json -use-frontend-parseable-output -save-temps -no-color-diagnostics -explicit-module-build -module-cache-path /Users/runner/Library/Developer/Xcode/DerivedData/App-dlkunlcngirvvbbbeqpgwvdlhlcp/Build/Intermediates.noindex/SwiftExplicitPrecompiledModules -clang-scanner-module-cache-path /Users/runner/Library/Developer/Xcode/DerivedData/ModuleCache.noindex -sdk-module-cache-path /Users/runner/Library/Developer/Xcode/DerivedData/ModuleCache.noindex -serialize-diagnostics -emit-dependencies -emit-module -emit-module-path /Users/runner/Library/Developer/Xcode/DerivedData/App-dlkunlcngirvvbbbeqpgwvdlhlcp/Build/Intermediates.noindex/App.build/Debug-iphonesimulator/App.build/Objects-normal/arm64/App.swiftmodule -validate-clang-modules-once -clang-build-session-file /Users/runner/Library/Developer/Xcode/DerivedData/ModuleCache.noindex/Session.modulevalidation -Xcc -I/Users/runner/Library/Developer/Xcode/DerivedData/App-dlkunlcngirvvbbbeqpgwvdlhlcp/Build/Intermediates.noindex/App.build/Debug-iphonesimulator/App.build/swift-overrides.hmap -emit-const-values -Xfrontend -const-gather-protocols-file -Xfrontend /Users/runner/Library/Developer/Xcode/DerivedData/App-dlkunlcngirvvbbbeqpgwvdlhlcp/Build/Intermediates.noindex/App.build/Debug-iphonesimulator/App.build/Objects-normal/arm64/App_const_extract_protocols.json -Xcc -iquote -Xcc /Users/runner/Library/Developer/Xcode/DerivedData/App-dlkunlcngirvvbbbeqpgwvdlhlcp/Build/Intermediates.noindex/App.build/Debug-iphonesimulator/App.build/App-generated-files.hmap -Xcc -I/Users/runner/Library/Developer/Xcode/DerivedData/App-dlkunlcngirvvbbbeqpgwvdlhlcp/Build/Intermediates.noindex/App.build/Debug-iphonesimulator/App.build/App-own-target-headers.hmap -Xcc -I/Users/runner/Library/Developer/Xcode/DerivedData/App-dlkunlcngirvvbbbeqpgwvdlhlcp/Build/Intermediates.noindex/App.build/Debug-iphonesimulator/App.build/App-all-non-framework-target-headers.hmap -Xcc -ivfsoverlay -Xcc /Users/runner/Library/Developer/Xcode/DerivedData/App-dlkunlcngirvvbbbeqpgwvdlhlcp/Build/Intermediates.noindex/App.build/Debug-iphonesimulator/App-0ca3007d900a678c2b4d53418799ee3d-VFS-iphonesimulator/all-product-headers.yaml -Xcc -iquote -Xcc /Users/runner/Library/Developer/Xcode/DerivedData/App-dlkunlcngirvvbbbeqpgwvdlhlcp/Build/Intermediates.noindex/App.build/Debug-iphonesimulator/App.build/App-project-headers.hmap -Xcc -I/Users/runner/Library/Developer/Xcode/DerivedData/App-dlkunlcngirvvbbbeqpgwvdlhlcp/Build/Products/Debug-iphonesimulator/include -Xcc -I/Users/runner/Library/Developer/Xcode/DerivedData/App-dlkunlcngirvvbbbeqpgwvdlhlcp/Build/Intermediates.noindex/App.build/Debug-iphonesimulator/App.build/DerivedSources-normal/arm64 -Xcc -I/Users/runner/Library/Developer/Xcode/DerivedData/App-dlkunlcngirvvbbbeqpgwvdlhlcp/Build/Intermediates.noindex/App.build/Debug-iphonesimulator/App.build/DerivedSources/arm64 -Xcc -I/Users/runner/Library/Developer/Xcode/DerivedData/App-dlkunlcngirvvbbbeqpgwvdlhlcp/Build/Intermediates.noindex/App.build/Debug-iphonesimulator/App.build/DerivedSources -Xcc -DDEBUG\=1 -emit-objc-header -emit-objc-header-path /Users/runner/Library/Developer/Xcode/DerivedData/App-dlkunlcngirvvbbbeqpgwvdlhlcp/Build/Intermediates.noindex/App.build/Debug-iphonesimulator/App.build/Objects-normal/arm64/App-Swift.h -working-directory /Users/runner/work/Voro/Voro/ios/App -experimental-emit-module-separately -disable-cmo

Ld /Users/runner/Library/Developer/Xcode/DerivedData/App-dlkunlcngirvvbbbeqpgwvdlhlcp/Build/Products/Debug-iphonesimulator/App.app/App.debug.dylib normal (in target 'App' from project 'App')
    cd /Users/runner/work/Voro/Voro/ios/App
    /Applications/Xcode_26.6.app/Contents/Developer/Toolchains/XcodeDefault.xctoolchain/usr/bin/clang -Xlinker -reproducible -target arm64-apple-ios15.0-simulator -dynamiclib -isysroot /Applications/Xcode_26.6.app/Contents/Developer/Platforms/iPhoneSimulator.platform/Developer/SDKs/iPhoneSimulator26.5.sdk -O0 -L/Users/runner/Library/Developer/Xcode/DerivedData/App-dlkunlcngirvvbbbeqpgwvdlhlcp/Build/Intermediates.noindex/EagerLinkingTBDs/Debug-iphonesimulator -L/Users/runner/Library/Developer/Xcode/DerivedData/App-dlkunlcngirvvbbbeqpgwvdlhlcp/Build/Products/Debug-iphonesimulator -F/Users/runner/Library/Developer/Xcode/DerivedData/App-dlkunlcngirvvbbbeqpgwvdlhlcp/Build/Intermediates.noindex/EagerLinkingTBDs/Debug-iphonesimulator -F/Users/runner/Library/Developer/Xcode/DerivedData/App-dlkunlcngirvvbbbeqpgwvdlhlcp/Build/Products/Debug-iphonesimulator/PackageFrameworks -F/Users/runner/Library/Developer/Xcode/DerivedData/App-dlkunlcngirvvbbbeqpgwvdlhlcp/Build/Products/Debug-iphonesimulator/PackageFrameworks -F/Users/runner/Library/Developer/Xcode/DerivedData/App-dlkunlcngirvvbbbeqpgwvdlhlcp/Build/Products/Debug-iphonesimulator/PackageFrameworks -F/Users/runner/Library/Developer/Xcode/DerivedData/App-dlkunlcngirvvbbbeqpgwvdlhlcp/Build/Products/Debug-iphonesimulator/PackageFrameworks -F/Users/runner/Library/Developer/Xcode/DerivedData/App-dlkunlcngirvvbbbeqpgwvdlhlcp/Build/Products/Debug-iphonesimulator -filelist /Users/runner/Library/Developer/Xcode/DerivedData/App-dlkunlcngirvvbbbeqpgwvdlhlcp/Build/Intermediates.noindex/App.build/Debug-iphonesimulator/App.build/Objects-normal/arm64/App.LinkFileList -install_name @rpath/App.debug.dylib -Xlinker -rpath -Xlinker /usr/lib/swift -Xlinker -rpath -Xlinker /Users/runner/Library/Developer/Xcode/DerivedData/App-dlkunlcngirvvbbbeqpgwvdlhlcp/Build/Products/Debug-iphonesimulator/PackageFrameworks -Xlinker -rpath -Xlinker @executable_path/Frameworks -Xlinker -dead_strip -Xlinker -object_path_lto -Xlinker /Users/runner/Library/Developer/Xcode/DerivedData/App-dlkunlcngirvvbbbeqpgwvdlhlcp/Build/Intermediates.noindex/App.build/Debug-iphonesimulator/App.build/Objects-normal/arm64/App_lto.o -rdynamic -Xlinker -no_deduplicate -Xlinker -objc_abi_version -Xlinker 2 -Xlinker -dependency_info -Xlinker /Users/runner/Library/Developer/Xcode/DerivedData/App-dlkunlcngirvvbbbeqpgwvdlhlcp/Build/Intermediates.noindex/App.build/Debug-iphonesimulator/App.build/Objects-normal/arm64/App_dependency_info.dat -fobjc-link-runtime -L/Applications/Xcode_26.6.app/Contents/Developer/Toolchains/XcodeDefault.xctoolchain/usr/lib/swift/iphonesimulator -L/usr/lib/swift -Xlinker -add_ast_path -Xlinker /Users/runner/Library/Developer/Xcode/DerivedData/App-dlkunlcngirvvbbbeqpgwvdlhlcp/Build/Intermediates.noindex/App.build/Debug-iphonesimulator/App.build/Objects-normal/arm64/App.swiftmodule @/Users/runner/Library/Developer/Xcode/DerivedData/App-dlkunlcngirvvbbbeqpgwvdlhlcp/Build/Intermediates.noindex/App.build/Debug-iphonesimulator/App.build/Objects-normal/arm64/App-linker-args.resp -Wl,-no_warn_duplicate_libraries -Wl,-no_warn_duplicate_libraries -Wl,-no_warn_duplicate_libraries -Wl,-no_warn_duplicate_libraries -Xlinker -alias -Xlinker _main -Xlinker ___debug_main_executable_dylib_entry_point -framework Capacitor -framework Capacitor -framework Cordova -framework Cordova -framework Capacitor -framework Cordova -framework Capacitor -framework Cordova -o /Users/runner/Library/Developer/Xcode/DerivedData/App-dlkunlcngirvvbbbeqpgwvdlhlcp/Build/Products/Debug-iphonesimulator/App.app/App.debug.dylib -Xlinker -add_ast_path -Xlinker /Users/runner/Library/Developer/Xcode/DerivedData/App-dlkunlcngirvvbbbeqpgwvdlhlcp/Build/Intermediates.noindex/CapApp-SPM.build/Debug-iphonesimulator/CapApp-SPM.build/Objects-normal/arm64/CapApp_SPM.swiftmodule @/Users/runner/Library/Developer/Xcode/DerivedData/App-dlkunlcngirvvbbbeqpgwvdlhlcp/Build/Intermediates.noindex/CapApp-SPM.build/Debug-iphonesimulator/CapApp-SPM.build/Objects-normal/arm64/CapApp_SPM-linker-args.resp -Xlinker -add_ast_path -Xlinker /Users/runner/Library/Developer/Xcode/DerivedData/App-dlkunlcngirvvbbbeqpgwvdlhlcp/Build/Intermediates.noindex/CapacitorFilesystem.build/Debug-iphonesimulator/FilesystemPlugin.build/Objects-normal/arm64/FilesystemPlugin.swiftmodule @/Users/runner/Library/Developer/Xcode/DerivedData/App-dlkunlcngirvvbbbeqpgwvdlhlcp/Build/Intermediates.noindex/CapacitorFilesystem.build/Debug-iphonesimulator/FilesystemPlugin.build/Objects-normal/arm64/FilesystemPlugin-linker-args.resp -Xlinker -add_ast_path -Xlinker /Users/runner/Library/Developer/Xcode/DerivedData/App-dlkunlcngirvvbbbeqpgwvdlhlcp/Build/Intermediates.noindex/IONFilesystemLib.build/Debug-iphonesimulator/IONFilesystemLib.build/Objects-normal/arm64/IONFilesystemLib.swiftmodule @/Users/runner/Library/Developer/Xcode/DerivedData/App-dlkunlcngirvvbbbeqpgwvdlhlcp/Build/Intermediates.noindex/IONFilesystemLib.build/Debug-iphonesimulator/IONFilesystemLib.build/Objects-normal/arm64/IONFilesystemLib-linker-args.resp -Xlinker -add_ast_path -Xlinker /Users/runner/Library/Developer/Xcode/DerivedData/App-dlkunlcngirvvbbbeqpgwvdlhlcp/Build/Intermediates.noindex/CapacitorShare.build/Debug-iphonesimulator/SharePlugin.build/Objects-normal/arm64/SharePlugin.swiftmodule @/Users/runner/Library/Developer/Xcode/DerivedData/App-dlkunlcngirvvbbbeqpgwvdlhlcp/Build/Intermediates.noindex/CapacitorShare.build/Debug-iphonesimulator/SharePlugin.build/Objects-normal/arm64/SharePlugin-linker-args.resp

SwiftExplicitDependencyGeneratePcm arm64 /Users/runner/Library/Developer/Xcode/DerivedData/App-dlkunlcngirvvbbbeqpgwvdlhlcp/Build/Intermediates.noindex/SwiftExplicitPrecompiledModules/XCUIAutomation-2Q0KJO8O76O5DE5HMPKXRQBJK.pcm

SwiftExplicitDependencyCompileModuleFromInterface arm64 /Users/runner/Library/Developer/Xcode/DerivedData/App-dlkunlcngirvvbbbeqpgwvdlhlcp/Build/Intermediates.noindex/SwiftExplicitPrecompiledModules/XCUIAutomation-3QNQQLHQEQW6J.swiftmodule

SwiftExplicitDependencyGeneratePcm arm64 /Users/runner/Library/Developer/Xcode/DerivedData/App-dlkunlcngirvvbbbeqpgwvdlhlcp/Build/Intermediates.noindex/SwiftExplicitPrecompiledModules/XCTest-DQP0FHJRYJ32AMF90YAZ93ZH6.pcm

ConstructStubExecutorLinkFileList /Users/runner/Library/Developer/Xcode/DerivedData/App-dlkunlcngirvvbbbeqpgwvdlhlcp/Build/Intermediates.noindex/App.build/Debug-iphonesimulator/App.build/App-ExecutorLinkFileList-normal-arm64.txt (in target 'App' from project 'App')
    cd /Users/runner/work/Voro/Voro/ios/App
    construct-stub-executor-link-file-list /Users/runner/Library/Developer/Xcode/DerivedData/App-dlkunlcngirvvbbbeqpgwvdlhlcp/Build/Products/Debug-iphonesimulator/App.app/App.debug.dylib /Applications/Xcode_26.6.app/Contents/Developer/Platforms/iPhoneSimulator.platform/Developer/usr/lib/libPreviewsJITStubExecutor_no_swift_entry_point.a /Applications/Xcode_26.6.app/Contents/Developer/Platforms/iPhoneSimulator.platform/Developer/usr/lib/libPreviewsJITStubExecutor.a --output /Users/runner/Library/Developer/Xcode/DerivedData/App-dlkunlcngirvvbbbeqpgwvdlhlcp/Build/Intermediates.noindex/App.build/Debug-iphonesimulator/App.build/App-ExecutorLinkFileList-normal-arm64.txt
note: Using stub executor library with Swift entry point. (in target 'App' from project 'App')

Ld /Users/runner/Library/Developer/Xcode/DerivedData/App-dlkunlcngirvvbbbeqpgwvdlhlcp/Build/Products/Debug-iphonesimulator/App.app/App normal (in target 'App' from project 'App')
    cd /Users/runner/work/Voro/Voro/ios/App
    /Applications/Xcode_26.6.app/Contents/Developer/Toolchains/XcodeDefault.xctoolchain/usr/bin/clang -Xlinker -reproducible -target arm64-apple-ios15.0-simulator -isysroot /Applications/Xcode_26.6.app/Contents/Developer/Platforms/iPhoneSimulator.platform/Developer/SDKs/iPhoneSimulator26.5.sdk -O0 -L/Users/runner/Library/Developer/Xcode/DerivedData/App-dlkunlcngirvvbbbeqpgwvdlhlcp/Build/Products/Debug-iphonesimulator -F/Users/runner/Library/Developer/Xcode/DerivedData/App-dlkunlcngirvvbbbeqpgwvdlhlcp/Build/Products/Debug-iphonesimulator/PackageFrameworks -F/Users/runner/Library/Developer/Xcode/DerivedData/App-dlkunlcngirvvbbbeqpgwvdlhlcp/Build/Products/Debug-iphonesimulator/PackageFrameworks -F/Users/runner/Library/Developer/Xcode/DerivedData/App-dlkunlcngirvvbbbeqpgwvdlhlcp/Build/Products/Debug-iphonesimulator/PackageFrameworks -F/Users/runner/Library/Developer/Xcode/DerivedData/App-dlkunlcngirvvbbbeqpgwvdlhlcp/Build/Products/Debug-iphonesimulator/PackageFrameworks -F/Users/runner/Library/Developer/Xcode/DerivedData/App-dlkunlcngirvvbbbeqpgwvdlhlcp/Build/Products/Debug-iphonesimulator -Xlinker -rpath -Xlinker @executable_path -Xlinker -rpath -Xlinker /Users/runner/Library/Developer/Xcode/DerivedData/App-dlkunlcngirvvbbbeqpgwvdlhlcp/Build/Products/Debug-iphonesimulator/PackageFrameworks -Xlinker -rpath -Xlinker @executable_path/Frameworks -rdynamic -Xlinker -no_deduplicate -Xlinker -objc_abi_version -Xlinker 2 -e ___debug_blank_executor_main -Xlinker -sectcreate -Xlinker __TEXT -Xlinker __debug_dylib -Xlinker /Users/runner/Library/Developer/Xcode/DerivedData/App-dlkunlcngirvvbbbeqpgwvdlhlcp/Build/Intermediates.noindex/App.build/Debug-iphonesimulator/App.build/App-DebugDylibPath-normal-arm64.txt -Xlinker -sectcreate -Xlinker __TEXT -Xlinker __debug_instlnm -Xlinker /Users/runner/Library/Developer/Xcode/DerivedData/App-dlkunlcngirvvbbbeqpgwvdlhlcp/Build/Intermediates.noindex/App.build/Debug-iphonesimulator/App.build/App-DebugDylibInstallName-normal-arm64.txt -Xlinker -filelist -Xlinker /Users/runner/Library/Developer/Xcode/DerivedData/App-dlkunlcngirvvbbbeqpgwvdlhlcp/Build/Intermediates.noindex/App.build/Debug-iphonesimulator/App.build/App-ExecutorLinkFileList-normal-arm64.txt /Users/runner/Library/Developer/Xcode/DerivedData/App-dlkunlcngirvvbbbeqpgwvdlhlcp/Build/Products/Debug-iphonesimulator/App.app/App.debug.dylib -o /Users/runner/Library/Developer/Xcode/DerivedData/App-dlkunlcngirvvbbbeqpgwvdlhlcp/Build/Products/Debug-iphonesimulator/App.app/App

ExtractAppIntentsMetadata (in target 'App' from project 'App')
    cd /Users/runner/work/Voro/Voro/ios/App
    /Applications/Xcode_26.6.app/Contents/Developer/Toolchains/XcodeDefault.xctoolchain/usr/bin/appintentsmetadataprocessor --toolchain-dir /var/run/com.apple.security.cryptexd/mnt/com.apple.MobileAsset.MetalToolchain-v17.6.109.0.i19eCT/Metal.xctoolchain --module-name App --sdk-root /Applications/Xcode_26.6.app/Contents/Developer/Platforms/iPhoneSimulator.platform/Developer/SDKs/iPhoneSimulator26.5.sdk --xcode-version 17F113 --platform-family iOS --deployment-target 15.0 --bundle-identifier com.dmkr.voro --output /Users/runner/Library/Developer/Xcode/DerivedData/App-dlkunlcngirvvbbbeqpgwvdlhlcp/Build/Products/Debug-iphonesimulator/App.app --target-triple arm64-apple-ios15.0-simulator --binary-file /Users/runner/Library/Developer/Xcode/DerivedData/App-dlkunlcngirvvbbbeqpgwvdlhlcp/Build/Products/Debug-iphonesimulator/App.app/App --dependency-file /Users/runner/Library/Developer/Xcode/DerivedData/App-dlkunlcngirvvbbbeqpgwvdlhlcp/Build/Intermediates.noindex/App.build/Debug-iphonesimulator/App.build/Objects-normal/arm64/App_dependency_info.dat --stringsdata-file /Users/runner/Library/Developer/Xcode/DerivedData/App-dlkunlcngirvvbbbeqpgwvdlhlcp/Build/Intermediates.noindex/App.build/Debug-iphonesimulator/App.build/Objects-normal/arm64/ExtractedAppShortcutsMetadata.stringsdata --source-file-list /Users/runner/Library/Developer/Xcode/DerivedData/App-dlkunlcngirvvbbbeqpgwvdlhlcp/Build/Intermediates.noindex/App.build/Debug-iphonesimulator/App.build/Objects-normal/arm64/App.SwiftFileList --metadata-file-list /Users/runner/Library/Developer/Xcode/DerivedData/App-dlkunlcngirvvbbbeqpgwvdlhlcp/Build/Intermediates.noindex/App.build/Debug-iphonesimulator/App.build/App.DependencyMetadataFileList --static-metadata-file-list /Users/runner/Library/Developer/Xcode/DerivedData/App-dlkunlcngirvvbbbeqpgwvdlhlcp/Build/Intermediates.noindex/App.build/Debug-iphonesimulator/App.build/App.DependencyStaticMetadataFileList --swift-const-vals-list /Users/runner/Library/Developer/Xcode/DerivedData/App-dlkunlcngirvvbbbeqpgwvdlhlcp/Build/Intermediates.noindex/App.build/Debug-iphonesimulator/App.build/Objects-normal/arm64/App.SwiftConstValuesFileList --compile-time-extraction --deployment-aware-processing --validate-assistant-intents --no-app-shortcuts-localization
2026-09-28 20:15:08.871 appintentsmetadataprocessor[13950:47052] Starting appintentsmetadataprocessor export
2026-09-28 20:15:08.888 appintentsmetadataprocessor[13950:47052] warning: Metadata extraction skipped. No AppIntents.framework dependency found.

CopySwiftLibs /Users/runner/Library/Developer/Xcode/DerivedData/App-dlkunlcngirvvbbbeqpgwvdlhlcp/Build/Products/Debug-iphonesimulator/App.app (in target 'App' from project 'App')
    cd /Users/runner/work/Voro/Voro/ios/App
    builtin-swiftStdLibTool --copy --verbose --scan-executable /Users/runner/Library/Developer/Xcode/DerivedData/App-dlkunlcngirvvbbbeqpgwvdlhlcp/Build/Products/Debug-iphonesimulator/App.app/App.debug.dylib --scan-folder /Users/runner/Library/Developer/Xcode/DerivedData/App-dlkunlcngirvvbbbeqpgwvdlhlcp/Build/Products/Debug-iphonesimulator/App.app/Frameworks --scan-folder /Users/runner/Library/Developer/Xcode/DerivedData/App-dlkunlcngirvvbbbeqpgwvdlhlcp/Build/Products/Debug-iphonesimulator/App.app/PlugIns --scan-folder /Users/runner/Library/Developer/Xcode/DerivedData/App-dlkunlcngirvvbbbeqpgwvdlhlcp/Build/Products/Debug-iphonesimulator/App.app/SystemExtensions --scan-folder /Users/runner/Library/Developer/Xcode/DerivedData/App-dlkunlcngirvvbbbeqpgwvdlhlcp/Build/Products/Debug-iphonesimulator/App.app/Extensions --platform iphonesimulator --toolchain /var/run/com.apple.security.cryptexd/mnt/com.apple.MobileAsset.MetalToolchain-v17.6.109.0.i19eCT/Metal.xctoolchain --toolchain /Applications/Xcode_26.6.app/Contents/Developer/Toolchains/XcodeDefault.xctoolchain --destination /Users/runner/Library/Developer/Xcode/DerivedData/App-dlkunlcngirvvbbbeqpgwvdlhlcp/Build/Products/Debug-iphonesimulator/App.app/Frameworks --strip-bitcode --strip-bitcode-tool /Applications/Xcode_26.6.app/Contents/Developer/Toolchains/XcodeDefault.xctoolchain/usr/bin/bitcode_strip --emit-dependency-info /Users/runner/Library/Developer/Xcode/DerivedData/App-dlkunlcngirvvbbbeqpgwvdlhlcp/Build/Intermediates.noindex/App.build/Debug-iphonesimulator/App.build/SwiftStdLibToolInputDependencies.dep --filter-for-swift-os
Ignoring --strip-bitcode because --sign was not passed

SwiftExplicitDependencyCompileModuleFromInterface arm64 /Users/runner/Library/Developer/Xcode/DerivedData/App-dlkunlcngirvvbbbeqpgwvdlhlcp/Build/Intermediates.noindex/SwiftExplicitPrecompiledModules/XCTest-20WUH0M4AOZAD.swiftmodule

AppIntentsSSUTraining (in target 'App' from project 'App')
    cd /Users/runner/work/Voro/Voro/ios/App
    /Applications/Xcode_26.6.app/Contents/Developer/Toolchains/XcodeDefault.xctoolchain/usr/bin/appintentsnltrainingprocessor --infoplist-path /Users/runner/Library/Developer/Xcode/DerivedData/App-dlkunlcngirvvbbbeqpgwvdlhlcp/Build/Products/Debug-iphonesimulator/App.app/Info.plist --temp-dir-path /Users/runner/Library/Developer/Xcode/DerivedData/App-dlkunlcngirvvbbbeqpgwvdlhlcp/Build/Intermediates.noindex/App.build/Debug-iphonesimulator/App.build/ssu --bundle-id com.dmkr.voro --product-path /Users/runner/Library/Developer/Xcode/DerivedData/App-dlkunlcngirvvbbbeqpgwvdlhlcp/Build/Products/Debug-iphonesimulator/App.app --extracted-metadata-path /Users/runner/Library/Developer/Xcode/DerivedData/App-dlkunlcngirvvbbbeqpgwvdlhlcp/Build/Products/Debug-iphonesimulator/App.app/Metadata.appintents --metadata-file-list /Users/runner/Library/Developer/Xcode/DerivedData/App-dlkunlcngirvvbbbeqpgwvdlhlcp/Build/Intermediates.noindex/App.build/Debug-iphonesimulator/App.build/App.DependencyMetadataFileList --source-file /Users/runner/Library/Developer/Xcode/DerivedData/App-dlkunlcngirvvbbbeqpgwvdlhlcp/Build/Products/Debug-iphonesimulator/App.app/Info.plist --archive-ssu-assets
2026-09-28 20:15:08.966 appintentsnltrainingprocessor[13956:47068] Parsing options for appintentsnltrainingprocessor
2026-09-28 20:15:08.966 appintentsnltrainingprocessor[13956:47068] Starting AppIntents SSU YAML Generation
2026-09-28 20:15:08.977 appintentsnltrainingprocessor[13956:47068] No AppShortcuts found - Skipping.

RegisterExecutionPolicyException /Users/runner/Library/Developer/Xcode/DerivedData/App-dlkunlcngirvvbbbeqpgwvdlhlcp/Build/Products/Debug-iphonesimulator/App.app (in target 'App' from project 'App')
    cd /Users/runner/work/Voro/Voro/ios/App
    builtin-RegisterExecutionPolicyException /Users/runner/Library/Developer/Xcode/DerivedData/App-dlkunlcngirvvbbbeqpgwvdlhlcp/Build/Products/Debug-iphonesimulator/App.app

Validate /Users/runner/Library/Developer/Xcode/DerivedData/App-dlkunlcngirvvbbbeqpgwvdlhlcp/Build/Products/Debug-iphonesimulator/App.app (in target 'App' from project 'App')
    cd /Users/runner/work/Voro/Voro/ios/App
    builtin-validationUtility /Users/runner/Library/Developer/Xcode/DerivedData/App-dlkunlcngirvvbbbeqpgwvdlhlcp/Build/Products/Debug-iphonesimulator/App.app -shallow-bundle -infoplist-subpath Info.plist

Touch /Users/runner/Library/Developer/Xcode/DerivedData/App-dlkunlcngirvvbbbeqpgwvdlhlcp/Build/Products/Debug-iphonesimulator/App.app (in target 'App' from project 'App')
    cd /Users/runner/work/Voro/Voro/ios/App
    /usr/bin/touch -c /Users/runner/Library/Developer/Xcode/DerivedData/App-dlkunlcngirvvbbbeqpgwvdlhlcp/Build/Products/Debug-iphonesimulator/App.app

ProcessInfoPlistFile /Users/runner/Library/Developer/Xcode/DerivedData/App-dlkunlcngirvvbbbeqpgwvdlhlcp/Build/Products/Debug-iphonesimulator/StoreCapture-Runner.app/PlugIns/StoreCapture.xctest/Info.plist /Users/runner/Library/Developer/Xcode/DerivedData/App-dlkunlcngirvvbbbeqpgwvdlhlcp/Build/Intermediates.noindex/App.build/Debug-iphonesimulator/StoreCapture.build/empty-StoreCapture.plist (in target 'StoreCapture' from project 'App')
    cd /Users/runner/work/Voro/Voro/ios/App
    builtin-infoPlistUtility /Users/runner/Library/Developer/Xcode/DerivedData/App-dlkunlcngirvvbbbeqpgwvdlhlcp/Build/Intermediates.noindex/App.build/Debug-iphonesimulator/StoreCapture.build/empty-StoreCapture.plist -producttype com.apple.product-type.bundle.ui-testing -expandbuildsettings -format binary -platform iphonesimulator -additionalcontentfile /Users/runner/Library/Developer/Xcode/DerivedData/App-dlkunlcngirvvbbbeqpgwvdlhlcp/Build/Intermediates.noindex/App.build/Debug-iphonesimulator/StoreCapture.build/ProductTypeInfoPlistAdditions.plist -o /Users/runner/Library/Developer/Xcode/DerivedData/App-dlkunlcngirvvbbbeqpgwvdlhlcp/Build/Products/Debug-iphonesimulator/StoreCapture-Runner.app/PlugIns/StoreCapture.xctest/Info.plist

SwiftEmitModule normal arm64 Emitting\ module\ for\ StoreCapture (in target 'StoreCapture' from project 'App')

SwiftCompile normal arm64 /Users/runner/work/Voro/Voro/scripts/StoreCapture.swift (in target 'StoreCapture' from project 'App')
    cd /Users/runner/work/Voro/Voro/ios/App
    

SwiftCompile normal arm64 Compiling\ StoreCapture.swift /Users/runner/work/Voro/Voro/scripts/StoreCapture.swift (in target 'StoreCapture' from project 'App')
SwiftCompile normal arm64 /Users/runner/work/Voro/Voro/scripts/StoreCapture.swift (in target 'StoreCapture' from project 'App')
    cd /Users/runner/work/Voro/Voro/ios/App
    

SwiftDriverJobDiscovery normal arm64 Emitting module for StoreCapture (in target 'StoreCapture' from project 'App')

SwiftDriver\ Compilation\ Requirements StoreCapture normal arm64 com.apple.xcode.tools.swift.compiler (in target 'StoreCapture' from project 'App')
    cd /Users/runner/work/Voro/Voro/ios/App
    builtin-Swift-Compilation-Requirements -- /Applications/Xcode_26.6.app/Contents/Developer/Toolchains/XcodeDefault.xctoolchain/usr/bin/swiftc -module-name StoreCapture -Onone @/Users/runner/Library/Developer/Xcode/DerivedData/App-dlkunlcngirvvbbbeqpgwvdlhlcp/Build/Intermediates.noindex/App.build/Debug-iphonesimulator/StoreCapture.build/Objects-normal/arm64/StoreCapture.SwiftFileList -DDEBUG -module-alias Testing\=_Testing_Unavailable -plugin-path /Applications/Xcode_26.6.app/Contents/Developer/Toolchains/XcodeDefault.xctoolchain/usr/lib/swift/host/plugins/testing -enable-bare-slash-regex -enable-experimental-feature DebugDescriptionMacro -sdk /Applications/Xcode_26.6.app/Contents/Developer/Platforms/iPhoneSimulator.platform/Developer/SDKs/iPhoneSimulator26.5.sdk -target arm64-apple-ios15.0-simulator -g -module-cache-path /Users/runner/Library/Developer/Xcode/DerivedData/ModuleCache.noindex -Xfrontend -serialize-debugging-options -enable-testing -index-store-path /Users/runner/Library/Developer/Xcode/DerivedData/App-dlkunlcngirvvbbbeqpgwvdlhlcp/Index.noindex/DataStore -Xcc -D_LIBCPP_HARDENING_MODE\=_LIBCPP_HARDENING_MODE_DEBUG -swift-version 5 -I /Users/runner/Library/Developer/Xcode/DerivedData/App-dlkunlcngirvvbbbeqpgwvdlhlcp/Build/Products/Debug-iphonesimulator -Isystem /Applications/Xcode_26.6.app/Contents/Developer/Platforms/iPhoneSimulator.platform/Developer/usr/lib -F /Users/runner/Library/Developer/Xcode/DerivedData/App-dlkunlcngirvvbbbeqpgwvdlhlcp/Build/Products/Debug-iphonesimulator -F /Applications/Xcode_26.6.app/Contents/Developer/Platforms/iPhoneSimulator.platform/Developer/Library/Frameworks -F /Applications/Xcode_26.6.app/Contents/Developer/Platforms/iPhoneSimulator.platform/Developer/SDKs/iPhoneSimulator26.5.sdk/Developer/Library/Frameworks -parse-as-library -c -j3 -enable-batch-mode -incremental -Xcc -ivfsstatcache -Xcc /Users/runner/Library/Developer/Xcode/DerivedData/SDKStatCaches.noindex/iphonesimulator26.5-23F81a-688ef53f1462e2c8f657fdc38a81448ff45c64a1807a658693f2a61704f17a36.sdkstatcache -output-file-map /Users/runner/Library/Developer/Xcode/DerivedData/App-dlkunlcngirvvbbbeqpgwvdlhlcp/Build/Intermediates.noindex/App.build/Debug-iphonesimulator/StoreCapture.build/Objects-normal/arm64/StoreCapture-OutputFileMap.json -use-frontend-parseable-output -save-temps -no-color-diagnostics -explicit-module-build -module-cache-path /Users/runner/Library/Developer/Xcode/DerivedData/App-dlkunlcngirvvbbbeqpgwvdlhlcp/Build/Intermediates.noindex/SwiftExplicitPrecompiledModules -clang-scanner-module-cache-path /Users/runner/Library/Developer/Xcode/DerivedData/ModuleCache.noindex -sdk-module-cache-path /Users/runner/Library/Developer/Xcode/DerivedData/ModuleCache.noindex -serialize-diagnostics -emit-dependencies -emit-module -emit-module-path /Users/runner/Library/Developer/Xcode/DerivedData/App-dlkunlcngirvvbbbeqpgwvdlhlcp/Build/Intermediates.noindex/App.build/Debug-iphonesimulator/StoreCapture.build/Objects-normal/arm64/StoreCapture.swiftmodule -validate-clang-modules-once -clang-build-session-file /Users/runner/Library/Developer/Xcode/DerivedData/ModuleCache.noindex/Session.modulevalidation -Xcc -I/Users/runner/Library/Developer/Xcode/DerivedData/App-dlkunlcngirvvbbbeqpgwvdlhlcp/Build/Intermediates.noindex/App.build/Debug-iphonesimulator/StoreCapture.build/swift-overrides.hmap -emit-const-values -Xfrontend -const-gather-protocols-file -Xfrontend /Users/runner/Library/Developer/Xcode/DerivedData/App-dlkunlcngirvvbbbeqpgwvdlhlcp/Build/Intermediates.noindex/App.build/Debug-iphonesimulator/StoreCapture.build/Objects-normal/arm64/StoreCapture_const_extract_protocols.json -Xcc -iquote -Xcc /Users/runner/Library/Developer/Xcode/DerivedData/App-dlkunlcngirvvbbbeqpgwvdlhlcp/Build/Intermediates.noindex/App.build/Debug-iphonesimulator/StoreCapture.build/StoreCapture-generated-files.hmap -Xcc -I/Users/runner/Library/Developer/Xcode/DerivedData/App-dlkunlcngirvvbbbeqpgwvdlhlcp/Build/Intermediates.noindex/App.build/Debug-iphonesimulator/StoreCapture.build/StoreCapture-own-target-headers.hmap -Xcc -I/Users/runner/Library/Developer/Xcode/DerivedData/App-dlkunlcngirvvbbbeqpgwvdlhlcp/Build/Intermediates.noindex/App.build/Debug-iphonesimulator/StoreCapture.build/StoreCapture-all-non-framework-target-headers.hmap -Xcc -ivfsoverlay -Xcc /Users/runner/Library/Developer/Xcode/DerivedData/App-dlkunlcngirvvbbbeqpgwvdlhlcp/Build/Intermediates.noindex/App.build/Debug-iphonesimulator/App-0ca3007d900a678c2b4d53418799ee3d-VFS-iphonesimulator/all-product-headers.yaml -Xcc -iquote -Xcc /Users/runner/Library/Developer/Xcode/DerivedData/App-dlkunlcngirvvbbbeqpgwvdlhlcp/Build/Intermediates.noindex/App.build/Debug-iphonesimulator/StoreCapture.build/StoreCapture-project-headers.hmap -Xcc -I/Users/runner/Library/Developer/Xcode/DerivedData/App-dlkunlcngirvvbbbeqpgwvdlhlcp/Build/Products/Debug-iphonesimulator/include -Xcc -I/Users/runner/Library/Developer/Xcode/DerivedData/App-dlkunlcngirvvbbbeqpgwvdlhlcp/Build/Intermediates.noindex/App.build/Debug-iphonesimulator/StoreCapture.build/DerivedSources-normal/arm64 -Xcc -I/Users/runner/Library/Developer/Xcode/DerivedData/App-dlkunlcngirvvbbbeqpgwvdlhlcp/Build/Intermediates.noindex/App.build/Debug-iphonesimulator/StoreCapture.build/DerivedSources/arm64 -Xcc -I/Users/runner/Library/Developer/Xcode/DerivedData/App-dlkunlcngirvvbbbeqpgwvdlhlcp/Build/Intermediates.noindex/App.build/Debug-iphonesimulator/StoreCapture.build/DerivedSources -Xcc -DDEBUG\=1 -emit-objc-header -emit-objc-header-path /Users/runner/Library/Developer/Xcode/DerivedData/App-dlkunlcngirvvbbbeqpgwvdlhlcp/Build/Intermediates.noindex/App.build/Debug-iphonesimulator/StoreCapture.build/Objects-normal/arm64/StoreCapture-Swift.h -working-directory /Users/runner/work/Voro/Voro/ios/App -experimental-emit-module-separately -disable-cmo

Copy /Users/runner/Library/Developer/Xcode/DerivedData/App-dlkunlcngirvvbbbeqpgwvdlhlcp/Build/Products/Debug-iphonesimulator/StoreCapture.swiftmodule/arm64-apple-ios-simulator.swiftmodule /Users/runner/Library/Developer/Xcode/DerivedData/App-dlkunlcngirvvbbbeqpgwvdlhlcp/Build/Intermediates.noindex/App.build/Debug-iphonesimulator/StoreCapture.build/Objects-normal/arm64/StoreCapture.swiftmodule (in target 'StoreCapture' from project 'App')
    cd /Users/runner/work/Voro/Voro/ios/App
    builtin-copy -exclude .DS_Store -exclude CVS -exclude .svn -exclude .git -exclude .hg -resolve-src-symlinks -rename /Users/runner/Library/Developer/Xcode/DerivedData/App-dlkunlcngirvvbbbeqpgwvdlhlcp/Build/Intermediates.noindex/App.build/Debug-iphonesimulator/StoreCapture.build/Objects-normal/arm64/StoreCapture.swiftmodule /Users/runner/Library/Developer/Xcode/DerivedData/App-dlkunlcngirvvbbbeqpgwvdlhlcp/Build/Products/Debug-iphonesimulator/StoreCapture.swiftmodule/arm64-apple-ios-simulator.swiftmodule

SwiftMergeGeneratedHeaders /Users/runner/Library/Developer/Xcode/DerivedData/App-dlkunlcngirvvbbbeqpgwvdlhlcp/Build/Intermediates.noindex/App.build/Debug-iphonesimulator/StoreCapture.build/DerivedSources/StoreCapture-Swift.h /Users/runner/Library/Developer/Xcode/DerivedData/App-dlkunlcngirvvbbbeqpgwvdlhlcp/Build/Intermediates.noindex/App.build/Debug-iphonesimulator/StoreCapture.build/Objects-normal/arm64/StoreCapture-Swift.h (in target 'StoreCapture' from project 'App')
    cd /Users/runner/work/Voro/Voro/ios/App
    builtin-swiftHeaderTool -arch arm64 /Users/runner/Library/Developer/Xcode/DerivedData/App-dlkunlcngirvvbbbeqpgwvdlhlcp/Build/Intermediates.noindex/App.build/Debug-iphonesimulator/StoreCapture.build/Objects-normal/arm64/StoreCapture-Swift.h -o /Users/runner/Library/Developer/Xcode/DerivedData/App-dlkunlcngirvvbbbeqpgwvdlhlcp/Build/Intermediates.noindex/App.build/Debug-iphonesimulator/StoreCapture.build/DerivedSources/StoreCapture-Swift.h

Copy /Users/runner/Library/Developer/Xcode/DerivedData/App-dlkunlcngirvvbbbeqpgwvdlhlcp/Build/Products/Debug-iphonesimulator/StoreCapture.swiftmodule/arm64-apple-ios-simulator.swiftdoc /Users/runner/Library/Developer/Xcode/DerivedData/App-dlkunlcngirvvbbbeqpgwvdlhlcp/Build/Intermediates.noindex/App.build/Debug-iphonesimulator/StoreCapture.build/Objects-normal/arm64/StoreCapture.swiftdoc (in target 'StoreCapture' from project 'App')
    cd /Users/runner/work/Voro/Voro/ios/App
    builtin-copy -exclude .DS_Store -exclude CVS -exclude .svn -exclude .git -exclude .hg -resolve-src-symlinks -rename /Users/runner/Library/Developer/Xcode/DerivedData/App-dlkunlcngirvvbbbeqpgwvdlhlcp/Build/Intermediates.noindex/App.build/Debug-iphonesimulator/StoreCapture.build/Objects-normal/arm64/StoreCapture.swiftdoc /Users/runner/Library/Developer/Xcode/DerivedData/App-dlkunlcngirvvbbbeqpgwvdlhlcp/Build/Products/Debug-iphonesimulator/StoreCapture.swiftmodule/arm64-apple-ios-simulator.swiftdoc

Copy /Users/runner/Library/Developer/Xcode/DerivedData/App-dlkunlcngirvvbbbeqpgwvdlhlcp/Build/Products/Debug-iphonesimulator/StoreCapture.swiftmodule/arm64-apple-ios-simulator.abi.json /Users/runner/Library/Developer/Xcode/DerivedData/App-dlkunlcngirvvbbbeqpgwvdlhlcp/Build/Intermediates.noindex/App.build/Debug-iphonesimulator/StoreCapture.build/Objects-normal/arm64/StoreCapture.abi.json (in target 'StoreCapture' from project 'App')
    cd /Users/runner/work/Voro/Voro/ios/App
    builtin-copy -exclude .DS_Store -exclude CVS -exclude .svn -exclude .git -exclude .hg -resolve-src-symlinks -rename /Users/runner/Library/Developer/Xcode/DerivedData/App-dlkunlcngirvvbbbeqpgwvdlhlcp/Build/Intermediates.noindex/App.build/Debug-iphonesimulator/StoreCapture.build/Objects-normal/arm64/StoreCapture.abi.json /Users/runner/Library/Developer/Xcode/DerivedData/App-dlkunlcngirvvbbbeqpgwvdlhlcp/Build/Products/Debug-iphonesimulator/StoreCapture.swiftmodule/arm64-apple-ios-simulator.abi.json

Copy /Users/runner/Library/Developer/Xcode/DerivedData/App-dlkunlcngirvvbbbeqpgwvdlhlcp/Build/Products/Debug-iphonesimulator/StoreCapture.swiftmodule/Project/arm64-apple-ios-simulator.swiftsourceinfo /Users/runner/Library/Developer/Xcode/DerivedData/App-dlkunlcngirvvbbbeqpgwvdlhlcp/Build/Intermediates.noindex/App.build/Debug-iphonesimulator/StoreCapture.build/Objects-normal/arm64/StoreCapture.swiftsourceinfo (in target 'StoreCapture' from project 'App')
    cd /Users/runner/work/Voro/Voro/ios/App
    builtin-copy -exclude .DS_Store -exclude CVS -exclude .svn -exclude .git -exclude .hg -resolve-src-symlinks -rename /Users/runner/Library/Developer/Xcode/DerivedData/App-dlkunlcngirvvbbbeqpgwvdlhlcp/Build/Intermediates.noindex/App.build/Debug-iphonesimulator/StoreCapture.build/Objects-normal/arm64/StoreCapture.swiftsourceinfo /Users/runner/Library/Developer/Xcode/DerivedData/App-dlkunlcngirvvbbbeqpgwvdlhlcp/Build/Products/Debug-iphonesimulator/StoreCapture.swiftmodule/Project/arm64-apple-ios-simulator.swiftsourceinfo

SwiftDriverJobDiscovery normal arm64 Compiling StoreCapture.swift (in target 'StoreCapture' from project 'App')

SwiftDriver\ Compilation StoreCapture normal arm64 com.apple.xcode.tools.swift.compiler (in target 'StoreCapture' from project 'App')
    cd /Users/runner/work/Voro/Voro/ios/App
    builtin-Swift-Compilation -- /Applications/Xcode_26.6.app/Contents/Developer/Toolchains/XcodeDefault.xctoolchain/usr/bin/swiftc -module-name StoreCapture -Onone @/Users/runner/Library/Developer/Xcode/DerivedData/App-dlkunlcngirvvbbbeqpgwvdlhlcp/Build/Intermediates.noindex/App.build/Debug-iphonesimulator/StoreCapture.build/Objects-normal/arm64/StoreCapture.SwiftFileList -DDEBUG -module-alias Testing\=_Testing_Unavailable -plugin-path /Applications/Xcode_26.6.app/Contents/Developer/Toolchains/XcodeDefault.xctoolchain/usr/lib/swift/host/plugins/testing -enable-bare-slash-regex -enable-experimental-feature DebugDescriptionMacro -sdk /Applications/Xcode_26.6.app/Contents/Developer/Platforms/iPhoneSimulator.platform/Developer/SDKs/iPhoneSimulator26.5.sdk -target arm64-apple-ios15.0-simulator -g -module-cache-path /Users/runner/Library/Developer/Xcode/DerivedData/ModuleCache.noindex -Xfrontend -serialize-debugging-options -enable-testing -index-store-path /Users/runner/Library/Developer/Xcode/DerivedData/App-dlkunlcngirvvbbbeqpgwvdlhlcp/Index.noindex/DataStore -Xcc -D_LIBCPP_HARDENING_MODE\=_LIBCPP_HARDENING_MODE_DEBUG -swift-version 5 -I /Users/runner/Library/Developer/Xcode/DerivedData/App-dlkunlcngirvvbbbeqpgwvdlhlcp/Build/Products/Debug-iphonesimulator -Isystem /Applications/Xcode_26.6.app/Contents/Developer/Platforms/iPhoneSimulator.platform/Developer/usr/lib -F /Users/runner/Library/Developer/Xcode/DerivedData/App-dlkunlcngirvvbbbeqpgwvdlhlcp/Build/Products/Debug-iphonesimulator -F /Applications/Xcode_26.6.app/Contents/Developer/Platforms/iPhoneSimulator.platform/Developer/Library/Frameworks -F /Applications/Xcode_26.6.app/Contents/Developer/Platforms/iPhoneSimulator.platform/Developer/SDKs/iPhoneSimulator26.5.sdk/Developer/Library/Frameworks -parse-as-library -c -j3 -enable-batch-mode -incremental -Xcc -ivfsstatcache -Xcc /Users/runner/Library/Developer/Xcode/DerivedData/SDKStatCaches.noindex/iphonesimulator26.5-23F81a-688ef53f1462e2c8f657fdc38a81448ff45c64a1807a658693f2a61704f17a36.sdkstatcache -output-file-map /Users/runner/Library/Developer/Xcode/DerivedData/App-dlkunlcngirvvbbbeqpgwvdlhlcp/Build/Intermediates.noindex/App.build/Debug-iphonesimulator/StoreCapture.build/Objects-normal/arm64/StoreCapture-OutputFileMap.json -use-frontend-parseable-output -save-temps -no-color-diagnostics -explicit-module-build -module-cache-path /Users/runner/Library/Developer/Xcode/DerivedData/App-dlkunlcngirvvbbbeqpgwvdlhlcp/Build/Intermediates.noindex/SwiftExplicitPrecompiledModules -clang-scanner-module-cache-path /Users/runner/Library/Developer/Xcode/DerivedData/ModuleCache.noindex -sdk-module-cache-path /Users/runner/Library/Developer/Xcode/DerivedData/ModuleCache.noindex -serialize-diagnostics -emit-dependencies -emit-module -emit-module-path /Users/runner/Library/Developer/Xcode/DerivedData/App-dlkunlcngirvvbbbeqpgwvdlhlcp/Build/Intermediates.noindex/App.build/Debug-iphonesimulator/StoreCapture.build/Objects-normal/arm64/StoreCapture.swiftmodule -validate-clang-modules-once -clang-build-session-file /Users/runner/Library/Developer/Xcode/DerivedData/ModuleCache.noindex/Session.modulevalidation -Xcc -I/Users/runner/Library/Developer/Xcode/DerivedData/App-dlkunlcngirvvbbbeqpgwvdlhlcp/Build/Intermediates.noindex/App.build/Debug-iphonesimulator/StoreCapture.build/swift-overrides.hmap -emit-const-values -Xfrontend -const-gather-protocols-file -Xfrontend /Users/runner/Library/Developer/Xcode/DerivedData/App-dlkunlcngirvvbbbeqpgwvdlhlcp/Build/Intermediates.noindex/App.build/Debug-iphonesimulator/StoreCapture.build/Objects-normal/arm64/StoreCapture_const_extract_protocols.json -Xcc -iquote -Xcc /Users/runner/Library/Developer/Xcode/DerivedData/App-dlkunlcngirvvbbbeqpgwvdlhlcp/Build/Intermediates.noindex/App.build/Debug-iphonesimulator/StoreCapture.build/StoreCapture-generated-files.hmap -Xcc -I/Users/runner/Library/Developer/Xcode/DerivedData/App-dlkunlcngirvvbbbeqpgwvdlhlcp/Build/Intermediates.noindex/App.build/Debug-iphonesimulator/StoreCapture.build/StoreCapture-own-target-headers.hmap -Xcc -I/Users/runner/Library/Developer/Xcode/DerivedData/App-dlkunlcngirvvbbbeqpgwvdlhlcp/Build/Intermediates.noindex/App.build/Debug-iphonesimulator/StoreCapture.build/StoreCapture-all-non-framework-target-headers.hmap -Xcc -ivfsoverlay -Xcc /Users/runner/Library/Developer/Xcode/DerivedData/App-dlkunlcngirvvbbbeqpgwvdlhlcp/Build/Intermediates.noindex/App.build/Debug-iphonesimulator/App-0ca3007d900a678c2b4d53418799ee3d-VFS-iphonesimulator/all-product-headers.yaml -Xcc -iquote -Xcc /Users/runner/Library/Developer/Xcode/DerivedData/App-dlkunlcngirvvbbbeqpgwvdlhlcp/Build/Intermediates.noindex/App.build/Debug-iphonesimulator/StoreCapture.build/StoreCapture-project-headers.hmap -Xcc -I/Users/runner/Library/Developer/Xcode/DerivedData/App-dlkunlcngirvvbbbeqpgwvdlhlcp/Build/Products/Debug-iphonesimulator/include -Xcc -I/Users/runner/Library/Developer/Xcode/DerivedData/App-dlkunlcngirvvbbbeqpgwvdlhlcp/Build/Intermediates.noindex/App.build/Debug-iphonesimulator/StoreCapture.build/DerivedSources-normal/arm64 -Xcc -I/Users/runner/Library/Developer/Xcode/DerivedData/App-dlkunlcngirvvbbbeqpgwvdlhlcp/Build/Intermediates.noindex/App.build/Debug-iphonesimulator/StoreCapture.build/DerivedSources/arm64 -Xcc -I/Users/runner/Library/Developer/Xcode/DerivedData/App-dlkunlcngirvvbbbeqpgwvdlhlcp/Build/Intermediates.noindex/App.build/Debug-iphonesimulator/StoreCapture.build/DerivedSources -Xcc -DDEBUG\=1 -emit-objc-header -emit-objc-header-path /Users/runner/Library/Developer/Xcode/DerivedData/App-dlkunlcngirvvbbbeqpgwvdlhlcp/Build/Intermediates.noindex/App.build/Debug-iphonesimulator/StoreCapture.build/Objects-normal/arm64/StoreCapture-Swift.h -working-directory /Users/runner/work/Voro/Voro/ios/App -experimental-emit-module-separately -disable-cmo

Ld /Users/runner/Library/Developer/Xcode/DerivedData/App-dlkunlcngirvvbbbeqpgwvdlhlcp/Build/Products/Debug-iphonesimulator/StoreCapture-Runner.app/PlugIns/StoreCapture.xctest/StoreCapture normal (in target 'StoreCapture' from project 'App')
    cd /Users/runner/work/Voro/Voro/ios/App
    /Applications/Xcode_26.6.app/Contents/Developer/Toolchains/XcodeDefault.xctoolchain/usr/bin/clang -Xlinker -reproducible -target arm64-apple-ios15.0-simulator -bundle -isysroot /Applications/Xcode_26.6.app/Contents/Developer/Platforms/iPhoneSimulator.platform/Developer/SDKs/iPhoneSimulator26.5.sdk -O0 -L/Users/runner/Library/Developer/Xcode/DerivedData/App-dlkunlcngirvvbbbeqpgwvdlhlcp/Build/Intermediates.noindex/EagerLinkingTBDs/Debug-iphonesimulator -L/Users/runner/Library/Developer/Xcode/DerivedData/App-dlkunlcngirvvbbbeqpgwvdlhlcp/Build/Products/Debug-iphonesimulator -L/Applications/Xcode_26.6.app/Contents/Developer/Platforms/iPhoneSimulator.platform/Developer/usr/lib -F/Users/runner/Library/Developer/Xcode/DerivedData/App-dlkunlcngirvvbbbeqpgwvdlhlcp/Build/Intermediates.noindex/EagerLinkingTBDs/Debug-iphonesimulator -F/Users/runner/Library/Developer/Xcode/DerivedData/App-dlkunlcngirvvbbbeqpgwvdlhlcp/Build/Products/Debug-iphonesimulator -iframework /Applications/Xcode_26.6.app/Contents/Developer/Platforms/iPhoneSimulator.platform/Developer/Library/Frameworks -iframework /Applications/Xcode_26.6.app/Contents/Developer/Platforms/iPhoneSimulator.platform/Developer/SDKs/iPhoneSimulator26.5.sdk/Developer/Library/Frameworks -filelist /Users/runner/Library/Developer/Xcode/DerivedData/App-dlkunlcngirvvbbbeqpgwvdlhlcp/Build/Intermediates.noindex/App.build/Debug-iphonesimulator/StoreCapture.build/Objects-normal/arm64/StoreCapture.LinkFileList -Xlinker -rpath -Xlinker /usr/lib/swift -Xlinker -rpath -Xlinker @loader_path/Frameworks -Xlinker -dead_strip -Xlinker -object_path_lto -Xlinker /Users/runner/Library/Developer/Xcode/DerivedData/App-dlkunlcngirvvbbbeqpgwvdlhlcp/Build/Intermediates.noindex/App.build/Debug-iphonesimulator/StoreCapture.build/Objects-normal/arm64/StoreCapture_lto.o -rdynamic -Xlinker -no_deduplicate -Xlinker -objc_abi_version -Xlinker 2 -Xlinker -dependency_info -Xlinker /Users/runner/Library/Developer/Xcode/DerivedData/App-dlkunlcngirvvbbbeqpgwvdlhlcp/Build/Intermediates.noindex/App.build/Debug-iphonesimulator/StoreCapture.build/Objects-normal/arm64/StoreCapture_dependency_info.dat -fobjc-link-runtime -L/Applications/Xcode_26.6.app/Contents/Developer/Toolchains/XcodeDefault.xctoolchain/usr/lib/swift/iphonesimulator -L/usr/lib/swift -Xlinker -add_ast_path -Xlinker /Users/runner/Library/Developer/Xcode/DerivedData/App-dlkunlcngirvvbbbeqpgwvdlhlcp/Build/Intermediates.noindex/App.build/Debug-iphonesimulator/StoreCapture.build/Objects-normal/arm64/StoreCapture.swiftmodule @/Users/runner/Library/Developer/Xcode/DerivedData/App-dlkunlcngirvvbbbeqpgwvdlhlcp/Build/Intermediates.noindex/App.build/Debug-iphonesimulator/StoreCapture.build/Objects-normal/arm64/StoreCapture-linker-args.resp -Xlinker -needed_framework -Xlinker XCTest -framework XCTest -Xlinker -needed-lXCTestSwiftSupport -lXCTestSwiftSupport -framework Foundation -o /Users/runner/Library/Developer/Xcode/DerivedData/App-dlkunlcngirvvbbbeqpgwvdlhlcp/Build/Products/Debug-iphonesimulator/StoreCapture-Runner.app/PlugIns/StoreCapture.xctest/StoreCapture

CopySwiftLibs /Users/runner/Library/Developer/Xcode/DerivedData/App-dlkunlcngirvvbbbeqpgwvdlhlcp/Build/Products/Debug-iphonesimulator/StoreCapture-Runner.app/PlugIns/StoreCapture.xctest (in target 'StoreCapture' from project 'App')
    cd /Users/runner/work/Voro/Voro/ios/App
    builtin-swiftStdLibTool --copy --verbose --scan-executable /Users/runner/Library/Developer/Xcode/DerivedData/App-dlkunlcngirvvbbbeqpgwvdlhlcp/Build/Products/Debug-iphonesimulator/StoreCapture-Runner.app/PlugIns/StoreCapture.xctest/StoreCapture --scan-folder /Users/runner/Library/Developer/Xcode/DerivedData/App-dlkunlcngirvvbbbeqpgwvdlhlcp/Build/Products/Debug-iphonesimulator/StoreCapture-Runner.app/PlugIns/StoreCapture.xctest/Frameworks --scan-folder /Users/runner/Library/Developer/Xcode/DerivedData/App-dlkunlcngirvvbbbeqpgwvdlhlcp/Build/Products/Debug-iphonesimulator/StoreCapture-Runner.app/PlugIns/StoreCapture.xctest/PlugIns --scan-folder /Users/runner/Library/Developer/Xcode/DerivedData/App-dlkunlcngirvvbbbeqpgwvdlhlcp/Build/Products/Debug-iphonesimulator/StoreCapture-Runner.app/PlugIns/StoreCapture.xctest/SystemExtensions --scan-folder /Users/runner/Library/Developer/Xcode/DerivedData/App-dlkunlcngirvvbbbeqpgwvdlhlcp/Build/Products/Debug-iphonesimulator/StoreCapture-Runner.app/PlugIns/StoreCapture.xctest/Extensions --scan-folder /Applications/Xcode_26.6.app/Contents/Developer/Platforms/iPhoneOS.platform/Developer/SDKs/iPhoneOS26.0.sdk/System/Library/Frameworks/Foundation.framework --platform iphonesimulator --toolchain /var/run/com.apple.security.cryptexd/mnt/com.apple.MobileAsset.MetalToolchain-v17.6.109.0.i19eCT/Metal.xctoolchain --toolchain /Applications/Xcode_26.6.app/Contents/Developer/Toolchains/XcodeDefault.xctoolchain --destination /Users/runner/Library/Developer/Xcode/DerivedData/App-dlkunlcngirvvbbbeqpgwvdlhlcp/Build/Products/Debug-iphonesimulator/StoreCapture-Runner.app/PlugIns/StoreCapture.xctest/Frameworks --strip-bitcode --scan-executable /Applications/Xcode_26.6.app/Contents/Developer/Platforms/iPhoneSimulator.platform/Developer/usr/lib/libXCTestSwiftSupport.dylib --strip-bitcode-tool /Applications/Xcode_26.6.app/Contents/Developer/Toolchains/XcodeDefault.xctoolchain/usr/bin/bitcode_strip --emit-dependency-info /Users/runner/Library/Developer/Xcode/DerivedData/App-dlkunlcngirvvbbbeqpgwvdlhlcp/Build/Intermediates.noindex/App.build/Debug-iphonesimulator/StoreCapture.build/SwiftStdLibToolInputDependencies.dep --filter-for-swift-os
Ignoring --strip-bitcode because --sign was not passed

ExtractAppIntentsMetadata (in target 'StoreCapture' from project 'App')
    cd /Users/runner/work/Voro/Voro/ios/App
    /Applications/Xcode_26.6.app/Contents/Developer/Toolchains/XcodeDefault.xctoolchain/usr/bin/appintentsmetadataprocessor --toolchain-dir /var/run/com.apple.security.cryptexd/mnt/com.apple.MobileAsset.MetalToolchain-v17.6.109.0.i19eCT/Metal.xctoolchain --module-name StoreCapture --sdk-root /Applications/Xcode_26.6.app/Contents/Developer/Platforms/iPhoneSimulator.platform/Developer/SDKs/iPhoneSimulator26.5.sdk --xcode-version 17F113 --platform-family iOS --deployment-target 15.0 --bundle-identifier com.dmkr.voro.storecapture --output /Users/runner/Library/Developer/Xcode/DerivedData/App-dlkunlcngirvvbbbeqpgwvdlhlcp/Build/Products/Debug-iphonesimulator/StoreCapture-Runner.app/PlugIns/StoreCapture.xctest --target-triple arm64-apple-ios15.0-simulator --binary-file /Users/runner/Library/Developer/Xcode/DerivedData/App-dlkunlcngirvvbbbeqpgwvdlhlcp/Build/Products/Debug-iphonesimulator/StoreCapture-Runner.app/PlugIns/StoreCapture.xctest/StoreCapture --dependency-file /Users/runner/Library/Developer/Xcode/DerivedData/App-dlkunlcngirvvbbbeqpgwvdlhlcp/Build/Intermediates.noindex/App.build/Debug-iphonesimulator/StoreCapture.build/Objects-normal/arm64/StoreCapture_dependency_info.dat --stringsdata-file /Users/runner/Library/Developer/Xcode/DerivedData/App-dlkunlcngirvvbbbeqpgwvdlhlcp/Build/Intermediates.noindex/App.build/Debug-iphonesimulator/StoreCapture.build/Objects-normal/arm64/ExtractedAppShortcutsMetadata.stringsdata --source-file-list /Users/runner/Library/Developer/Xcode/DerivedData/App-dlkunlcngirvvbbbeqpgwvdlhlcp/Build/Intermediates.noindex/App.build/Debug-iphonesimulator/StoreCapture.build/Objects-normal/arm64/StoreCapture.SwiftFileList --metadata-file-list /Users/runner/Library/Developer/Xcode/DerivedData/App-dlkunlcngirvvbbbeqpgwvdlhlcp/Build/Intermediates.noindex/App.build/Debug-iphonesimulator/StoreCapture.build/StoreCapture.DependencyMetadataFileList --static-metadata-file-list /Users/runner/Library/Developer/Xcode/DerivedData/App-dlkunlcngirvvbbbeqpgwvdlhlcp/Build/Intermediates.noindex/App.build/Debug-iphonesimulator/StoreCapture.build/StoreCapture.DependencyStaticMetadataFileList --swift-const-vals-list /Users/runner/Library/Developer/Xcode/DerivedData/App-dlkunlcngirvvbbbeqpgwvdlhlcp/Build/Intermediates.noindex/App.build/Debug-iphonesimulator/StoreCapture.build/Objects-normal/arm64/StoreCapture.SwiftConstValuesFileList --compile-time-extraction --deployment-aware-processing --validate-assistant-intents --no-app-shortcuts-localization
2026-09-28 20:15:10.022 appintentsmetadataprocessor[13966:47117] Starting appintentsmetadataprocessor export
2026-09-28 20:15:10.027 appintentsmetadataprocessor[13966:47117] warning: Metadata extraction skipped. No AppIntents.framework dependency found.

AppIntentsSSUTraining (in target 'StoreCapture' from project 'App')
    cd /Users/runner/work/Voro/Voro/ios/App
    /Applications/Xcode_26.6.app/Contents/Developer/Toolchains/XcodeDefault.xctoolchain/usr/bin/appintentsnltrainingprocessor --infoplist-path /Users/runner/Library/Developer/Xcode/DerivedData/App-dlkunlcngirvvbbbeqpgwvdlhlcp/Build/Products/Debug-iphonesimulator/StoreCapture-Runner.app/PlugIns/StoreCapture.xctest/Info.plist --temp-dir-path /Users/runner/Library/Developer/Xcode/DerivedData/App-dlkunlcngirvvbbbeqpgwvdlhlcp/Build/Intermediates.noindex/App.build/Debug-iphonesimulator/StoreCapture.build/ssu --bundle-id com.dmkr.voro.storecapture --product-path /Users/runner/Library/Developer/Xcode/DerivedData/App-dlkunlcngirvvbbbeqpgwvdlhlcp/Build/Products/Debug-iphonesimulator/StoreCapture-Runner.app/PlugIns/StoreCapture.xctest --extracted-metadata-path /Users/runner/Library/Developer/Xcode/DerivedData/App-dlkunlcngirvvbbbeqpgwvdlhlcp/Build/Products/Debug-iphonesimulator/StoreCapture-Runner.app/PlugIns/StoreCapture.xctest/Metadata.appintents --metadata-file-list /Users/runner/Library/Developer/Xcode/DerivedData/App-dlkunlcngirvvbbbeqpgwvdlhlcp/Build/Intermediates.noindex/App.build/Debug-iphonesimulator/StoreCapture.build/StoreCapture.DependencyMetadataFileList --source-file /Users/runner/Library/Developer/Xcode/DerivedData/App-dlkunlcngirvvbbbeqpgwvdlhlcp/Build/Products/Debug-iphonesimulator/StoreCapture-Runner.app/PlugIns/StoreCapture.xctest/Info.plist --archive-ssu-assets
2026-09-28 20:15:10.054 appintentsnltrainingprocessor[13967:47118] Parsing options for appintentsnltrainingprocessor
2026-09-28 20:15:10.055 appintentsnltrainingprocessor[13967:47118] Starting AppIntents SSU YAML Generation
2026-09-28 20:15:10.055 appintentsnltrainingprocessor[13967:47118] No AppShortcuts found - Skipping.

MkDir /Users/runner/Library/Developer/Xcode/DerivedData/App-dlkunlcngirvvbbbeqpgwvdlhlcp/Build/Products/Debug-iphonesimulator/StoreCapture-Runner.app (in target 'StoreCapture' from project 'App')
    cd /Users/runner/work/Voro/Voro/ios/App
    /bin/mkdir -p /Users/runner/Library/Developer/Xcode/DerivedData/App-dlkunlcngirvvbbbeqpgwvdlhlcp/Build/Products/Debug-iphonesimulator/StoreCapture-Runner.app

CopyPlistFile /Users/runner/Library/Developer/Xcode/DerivedData/App-dlkunlcngirvvbbbeqpgwvdlhlcp/Build/Products/Debug-iphonesimulator/StoreCapture-Runner.app/Info.plist /Applications/Xcode_26.6.app/Contents/Developer/Platforms/iPhoneSimulator.platform/Developer/Library/Xcode/Agents/XCTRunner.app/Info.plist (in target 'StoreCapture' from project 'App')
    cd /Users/runner/work/Voro/Voro/ios/App
    builtin-copyPlist --validate --convert xml1 --macro-expansion WRAPPEDPRODUCTNAME StoreCapture-Runner --macro-expansion WRAPPEDPRODUCTBUNDLEIDENTIFIER com.dmkr.voro.storecapture.xctrunner --macro-expansion TESTPRODUCTNAME StoreCapture --macro-expansion TESTPRODUCTBUNDLEIDENTIFIER com.dmkr.voro.storecapture --copy-value UIDeviceFamily /Users/runner/Library/Developer/Xcode/DerivedData/App-dlkunlcngirvvbbbeqpgwvdlhlcp/Build/Products/Debug-iphonesimulator/StoreCapture-Runner.app/PlugIns/StoreCapture.xctest/Info.plist --outdir /Users/runner/Library/Developer/Xcode/DerivedData/App-dlkunlcngirvvbbbeqpgwvdlhlcp/Build/Products/Debug-iphonesimulator/StoreCapture-Runner.app -- /Applications/Xcode_26.6.app/Contents/Developer/Platforms/iPhoneSimulator.platform/Developer/Library/Xcode/Agents/XCTRunner.app/Info.plist

CopyAndPreserveArchs /Users/runner/Library/Developer/Xcode/DerivedData/App-dlkunlcngirvvbbbeqpgwvdlhlcp/Build/Products/Debug-iphonesimulator/StoreCapture-Runner.app/StoreCapture-Runner (in target 'StoreCapture' from project 'App')
    cd /Users/runner/work/Voro/Voro/ios/App
    /Applications/Xcode_26.6.app/Contents/Developer/Toolchains/XcodeDefault.xctoolchain/usr/bin/lipo /Applications/Xcode_26.6.app/Contents/Developer/Platforms/iPhoneSimulator.platform/Developer/Library/Xcode/Agents/XCTRunner.app/XCTRunner -output /Users/runner/Library/Developer/Xcode/DerivedData/App-dlkunlcngirvvbbbeqpgwvdlhlcp/Build/Products/Debug-iphonesimulator/StoreCapture-Runner.app/StoreCapture-Runner -extract arm64

Copy /Users/runner/Library/Developer/Xcode/DerivedData/App-dlkunlcngirvvbbbeqpgwvdlhlcp/Build/Products/Debug-iphonesimulator/StoreCapture-Runner.app/PkgInfo /Applications/Xcode_26.6.app/Contents/Developer/Platforms/iPhoneSimulator.platform/Developer/Library/Xcode/Agents/XCTRunner.app/PkgInfo (in target 'StoreCapture' from project 'App')
    cd /Users/runner/work/Voro/Voro/ios/App
    builtin-copy -exclude .DS_Store -exclude CVS -exclude .svn -exclude .git -exclude .hg -resolve-src-symlinks /Applications/Xcode_26.6.app/Contents/Developer/Platforms/iPhoneSimulator.platform/Developer/Library/Xcode/Agents/XCTRunner.app/PkgInfo /Users/runner/Library/Developer/Xcode/DerivedData/App-dlkunlcngirvvbbbeqpgwvdlhlcp/Build/Products/Debug-iphonesimulator/StoreCapture-Runner.app

Copy /Users/runner/Library/Developer/Xcode/DerivedData/App-dlkunlcngirvvbbbeqpgwvdlhlcp/Build/Products/Debug-iphonesimulator/StoreCapture-Runner.app/Frameworks/libXCTestSwiftSupport.dylib /Applications/Xcode_26.6.app/Contents/Developer/Platforms/iPhoneSimulator.platform/Developer/usr/lib/libXCTestSwiftSupport.dylib (in target 'StoreCapture' from project 'App')
    cd /Users/runner/work/Voro/Voro/ios/App
    builtin-copy -exclude .DS_Store -exclude CVS -exclude .svn -exclude .git -exclude .hg -exclude Headers -exclude PrivateHeaders -exclude Modules -exclude \*.tbd -resolve-src-symlinks /Applications/Xcode_26.6.app/Contents/Developer/Platforms/iPhoneSimulator.platform/Developer/usr/lib/libXCTestSwiftSupport.dylib /Users/runner/Library/Developer/Xcode/DerivedData/App-dlkunlcngirvvbbbeqpgwvdlhlcp/Build/Products/Debug-iphonesimulator/StoreCapture-Runner.app/Frameworks

Copy /Users/runner/Library/Developer/Xcode/DerivedData/App-dlkunlcngirvvbbbeqpgwvdlhlcp/Build/Products/Debug-iphonesimulator/StoreCapture-Runner.app/Frameworks/XCUnit.framework /Applications/Xcode_26.6.app/Contents/Developer/Platforms/iPhoneSimulator.platform/Developer/Library/PrivateFrameworks/XCUnit.framework (in target 'StoreCapture' from project 'App')
    cd /Users/runner/work/Voro/Voro/ios/App
    builtin-copy -exclude .DS_Store -exclude CVS -exclude .svn -exclude .git -exclude .hg -exclude Headers -exclude PrivateHeaders -exclude Modules -exclude \*.tbd -resolve-src-symlinks /Applications/Xcode_26.6.app/Contents/Developer/Platforms/iPhoneSimulator.platform/Developer/Library/PrivateFrameworks/XCUnit.framework /Users/runner/Library/Developer/Xcode/DerivedData/App-dlkunlcngirvvbbbeqpgwvdlhlcp/Build/Products/Debug-iphonesimulator/StoreCapture-Runner.app/Frameworks

Copy /Users/runner/Library/Developer/Xcode/DerivedData/App-dlkunlcngirvvbbbeqpgwvdlhlcp/Build/Products/Debug-iphonesimulator/StoreCapture-Runner.app/Frameworks/XCUIAutomation.framework /Applications/Xcode_26.6.app/Contents/Developer/Platforms/iPhoneSimulator.platform/Developer/Library/Frameworks/XCUIAutomation.framework (in target 'StoreCapture' from project 'App')
    cd /Users/runner/work/Voro/Voro/ios/App
    builtin-copy -exclude .DS_Store -exclude CVS -exclude .svn -exclude .git -exclude .hg -exclude Headers -exclude PrivateHeaders -exclude Modules -exclude \*.tbd -resolve-src-symlinks /Applications/Xcode_26.6.app/Contents/Developer/Platforms/iPhoneSimulator.platform/Developer/Library/Frameworks/XCUIAutomation.framework /Users/runner/Library/Developer/Xcode/DerivedData/App-dlkunlcngirvvbbbeqpgwvdlhlcp/Build/Products/Debug-iphonesimulator/StoreCapture-Runner.app/Frameworks

Copy /Users/runner/Library/Developer/Xcode/DerivedData/App-dlkunlcngirvvbbbeqpgwvdlhlcp/Build/Products/Debug-iphonesimulator/StoreCapture-Runner.app/Frameworks/XCTestSupport.framework /Applications/Xcode_26.6.app/Contents/Developer/Platforms/iPhoneSimulator.platform/Developer/Library/PrivateFrameworks/XCTestSupport.framework (in target 'StoreCapture' from project 'App')
    cd /Users/runner/work/Voro/Voro/ios/App
    builtin-copy -exclude .DS_Store -exclude CVS -exclude .svn -exclude .git -exclude .hg -exclude Headers -exclude PrivateHeaders -exclude Modules -exclude \*.tbd -resolve-src-symlinks /Applications/Xcode_26.6.app/Contents/Developer/Platforms/iPhoneSimulator.platform/Developer/Library/PrivateFrameworks/XCTestSupport.framework /Users/runner/Library/Developer/Xcode/DerivedData/App-dlkunlcngirvvbbbeqpgwvdlhlcp/Build/Products/Debug-iphonesimulator/StoreCapture-Runner.app/Frameworks

Copy /Users/runner/Library/Developer/Xcode/DerivedData/App-dlkunlcngirvvbbbeqpgwvdlhlcp/Build/Products/Debug-iphonesimulator/StoreCapture-Runner.app/Frameworks/XCTestCore.framework /Applications/Xcode_26.6.app/Contents/Developer/Platforms/iPhoneSimulator.platform/Developer/Library/PrivateFrameworks/XCTestCore.framework (in target 'StoreCapture' from project 'App')
    cd /Users/runner/work/Voro/Voro/ios/App
    builtin-copy -exclude .DS_Store -exclude CVS -exclude .svn -exclude .git -exclude .hg -exclude Headers -exclude PrivateHeaders -exclude Modules -exclude \*.tbd -resolve-src-symlinks /Applications/Xcode_26.6.app/Contents/Developer/Platforms/iPhoneSimulator.platform/Developer/Library/PrivateFrameworks/XCTestCore.framework /Users/runner/Library/Developer/Xcode/DerivedData/App-dlkunlcngirvvbbbeqpgwvdlhlcp/Build/Products/Debug-iphonesimulator/StoreCapture-Runner.app/Frameworks

Copy /Users/runner/Library/Developer/Xcode/DerivedData/App-dlkunlcngirvvbbbeqpgwvdlhlcp/Build/Products/Debug-iphonesimulator/StoreCapture-Runner.app/Frameworks/XCTest.framework /Applications/Xcode_26.6.app/Contents/Developer/Platforms/iPhoneSimulator.platform/Developer/Library/Frameworks/XCTest.framework (in target 'StoreCapture' from project 'App')
    cd /Users/runner/work/Voro/Voro/ios/App
    builtin-copy -exclude .DS_Store -exclude CVS -exclude .svn -exclude .git -exclude .hg -exclude Headers -exclude PrivateHeaders -exclude Modules -exclude \*.tbd -resolve-src-symlinks /Applications/Xcode_26.6.app/Contents/Developer/Platforms/iPhoneSimulator.platform/Developer/Library/Frameworks/XCTest.framework /Users/runner/Library/Developer/Xcode/DerivedData/App-dlkunlcngirvvbbbeqpgwvdlhlcp/Build/Products/Debug-iphonesimulator/StoreCapture-Runner.app/Frameworks

Copy /Users/runner/Library/Developer/Xcode/DerivedData/App-dlkunlcngirvvbbbeqpgwvdlhlcp/Build/Products/Debug-iphonesimulator/StoreCapture-Runner.app/Frameworks/XCTAutomationSupport.framework /Applications/Xcode_26.6.app/Contents/Developer/Platforms/iPhoneSimulator.platform/Developer/Library/PrivateFrameworks/XCTAutomationSupport.framework (in target 'StoreCapture' from project 'App')
    cd /Users/runner/work/Voro/Voro/ios/App
    builtin-copy -exclude .DS_Store -exclude CVS -exclude .svn -exclude .git -exclude .hg -exclude Headers -exclude PrivateHeaders -exclude Modules -exclude \*.tbd -resolve-src-symlinks /Applications/Xcode_26.6.app/Contents/Developer/Platforms/iPhoneSimulator.platform/Developer/Library/PrivateFrameworks/XCTAutomationSupport.framework /Users/runner/Library/Developer/Xcode/DerivedData/App-dlkunlcngirvvbbbeqpgwvdlhlcp/Build/Products/Debug-iphonesimulator/StoreCapture-Runner.app/Frameworks

Copy /Users/runner/Library/Developer/Xcode/DerivedData/App-dlkunlcngirvvbbbeqpgwvdlhlcp/Build/Products/Debug-iphonesimulator/StoreCapture-Runner.app/Frameworks/Testing.framework /Applications/Xcode_26.6.app/Contents/Developer/Platforms/iPhoneSimulator.platform/Developer/Library/Frameworks/Testing.framework (in target 'StoreCapture' from project 'App')
    cd /Users/runner/work/Voro/Voro/ios/App
    builtin-copy -exclude .DS_Store -exclude CVS -exclude .svn -exclude .git -exclude .hg -exclude Headers -exclude PrivateHeaders -exclude Modules -exclude \*.tbd -resolve-src-symlinks /Applications/Xcode_26.6.app/Contents/Developer/Platforms/iPhoneSimulator.platform/Developer/Library/Frameworks/Testing.framework /Users/runner/Library/Developer/Xcode/DerivedData/App-dlkunlcngirvvbbbeqpgwvdlhlcp/Build/Products/Debug-iphonesimulator/StoreCapture-Runner.app/Frameworks

RegisterExecutionPolicyException /Users/runner/Library/Developer/Xcode/DerivedData/App-dlkunlcngirvvbbbeqpgwvdlhlcp/Build/Products/Debug-iphonesimulator/StoreCapture-Runner.app/PlugIns/StoreCapture.xctest (in target 'StoreCapture' from project 'App')
    cd /Users/runner/work/Voro/Voro/ios/App
    builtin-RegisterExecutionPolicyException /Users/runner/Library/Developer/Xcode/DerivedData/App-dlkunlcngirvvbbbeqpgwvdlhlcp/Build/Products/Debug-iphonesimulator/StoreCapture-Runner.app/PlugIns/StoreCapture.xctest

Touch /Users/runner/Library/Developer/Xcode/DerivedData/App-dlkunlcngirvvbbbeqpgwvdlhlcp/Build/Products/Debug-iphonesimulator/StoreCapture-Runner.app/PlugIns/StoreCapture.xctest (in target 'StoreCapture' from project 'App')
    cd /Users/runner/work/Voro/Voro/ios/App
    /usr/bin/touch -c /Users/runner/Library/Developer/Xcode/DerivedData/App-dlkunlcngirvvbbbeqpgwvdlhlcp/Build/Products/Debug-iphonesimulator/StoreCapture-Runner.app/PlugIns/StoreCapture.xctest

2026-09-28 20:16:06.027739+0000 StoreCapture-Runner[15343:51092] [Default] Running tests...
2026-09-28 20:16:06.178632+0000 StoreCapture-Runner[15343:51092] [UIKit App Config] Update the Info.plist: Launch screens will soon be required.
objc[15343]: Class UIAccessibilityLoaderWebShared is implemented in both /Library/Developer/CoreSimulator/Volumes/iOS_23E254a/Library/Developer/CoreSimulator/Profiles/Runtimes/iOS 26.4.simruntime/Contents/Resources/RuntimeRoot/System/Library/AccessibilityBundles/WebCore.axbundle/WebCore (0x10aaa4310) and /Library/Developer/CoreSimulator/Volumes/iOS_23E254a/Library/Developer/CoreSimulator/Profiles/Runtimes/iOS 26.4.simruntime/Contents/Resources/RuntimeRoot/System/Library/AccessibilityBundles/WebKit.axbundle/WebKit (0x10afe8398). This may cause spurious casting failures and mysterious crashes. One of the duplicates must be removed or renamed.
    t =      nans Interface orientation changed to Portrait
Test Suite 'All tests' started at 2026-09-28 20:16:16.468.
Test Suite 'StoreCapture.xctest' started at 2026-09-28 20:16:16.470.
Test Suite 'StoreCapture' started at 2026-09-28 20:16:16.470.
Test Case '-[StoreCapture.StoreCapture testPauseAndIngest]' started.
    t =     0.00s Start Test at 2026-09-28 20:16:16.472
    t =     1.20s Set Up
    t =     1.22s Open com.dmkr.voro
    t =     1.22s     Launch com.dmkr.voro
2026-09-28 20:16:20.077 xcodebuild[7031:27421] [MT] IDELaunchParametersSnapshot: The operation couldn’t be completed. (DebuggerLLDB.DebuggerVersionStore.StoreError error 0.)
2026-09-28 20:16:20.079 xcodebuild[7031:27421] [MT] IDELaunchParametersSnapshot: no debugger version
    t =    17.66s         Setting up automation session
    t =    23.81s         Wait for com.dmkr.voro to idle
    t =    26.97s Waiting 120.0s for Button (First Match) to exist
    t =    28.00s     Checking `Expect predicate `existsNoRetry == 1` for object Button (First Match)`
    t =    28.01s         Checking existence of `Button (First Match)`
    t =    29.83s         Capturing element debug description
    t =    30.04s     Checking `Expect predicate `existsNoRetry == 1` for object Button (First Match)`
    t =    30.04s         Checking existence of `Button (First Match)`
    t =    30.19s         Capturing element debug description
    t =    31.01s     Checking `Expect predicate `existsNoRetry == 1` for object Button (First Match)`
    t =    31.01s         Checking existence of `Button (First Match)`
    t =    31.05s         Capturing element debug description
    t =    32.03s     Checking `Expect predicate `existsNoRetry == 1` for object Button (First Match)`
    t =    32.03s         Checking existence of `Button (First Match)`
    t =    32.19s         Capturing element debug description
    t =    33.04s     Checking `Expect predicate `existsNoRetry == 1` for object Button (First Match)`
    t =    33.04s         Checking existence of `Button (First Match)`
    t =    33.09s         Capturing element debug description
    t =    34.02s     Checking `Expect predicate `existsNoRetry == 1` for object Button (First Match)`
    t =    34.03s         Checking existence of `Button (First Match)`
    t =    34.06s         Capturing element debug description
    t =    35.00s     Checking `Expect predicate `existsNoRetry == 1` for object Button (First Match)`
    t =    35.00s         Checking existence of `Button (First Match)`
    t =    35.15s         Capturing element debug description
    t =    35.99s     Checking `Expect predicate `existsNoRetry == 1` for object Button (First Match)`
    t =    35.99s         Checking existence of `Button (First Match)`
    t =    36.20s         Capturing element debug description
    t =    36.99s     Checking `Expect predicate `existsNoRetry == 1` for object Button (First Match)`
    t =    36.99s         Checking existence of `Button (First Match)`
    t =    37.46s         Capturing element debug description
    t =    37.99s     Checking `Expect predicate `existsNoRetry == 1` for object Button (First Match)`
    t =    37.99s         Checking existence of `Button (First Match)`
    t =    38.10s         Capturing element debug description
    t =    39.01s     Checking `Expect predicate `existsNoRetry == 1` for object Button (First Match)`
    t =    39.01s         Checking existence of `Button (First Match)`
    t =    43.83s Tap "Check membrane frames" Button
    t =    43.83s     Wait for com.dmkr.voro to idle
    t =    43.94s     Find the "Check membrane frames" Button
    t =    44.49s     Check for interrupting elements affecting "Check membrane frames" Button
    t =    44.84s         Wait for com.apple.springboard to idle
    t =    46.31s     Synthesize event
    t =    47.02s     Wait for com.dmkr.voro to idle
    t =    47.24s Waiting 30.0s for "membrane-frames-ready-3" Button to exist
    t =    48.25s     Checking `Expect predicate `existsNoRetry == 1` for object "membrane-frames-ready-3" Button`
    t =    48.26s         Checking existence of `"membrane-frames-ready-3" Button`
    t =    49.15s Added attachment named '01-new-native-pause'
    t =    49.15s Setting device orientation to Landscape Left
    t =    49.17s     Device orientation changed to Landscape Left
    t =    49.52s     Interface orientation changed to Landscape Right
    t =    49.81s     Wait for com.dmkr.voro to idle
    t =    50.25s     Wait for com.apple.springboard to idle
    t =    53.43s Added attachment named '01b-ipad-landscape-pause'
    t =    53.43s Setting device orientation to Portrait
    t =    53.45s     Device orientation changed to Portrait
    t =    53.79s     Interface orientation changed to Portrait
    t =    54.16s     Wait for com.dmkr.voro to idle
    t =    54.65s     Wait for com.apple.springboard to idle
    t =    55.39s Tap "Check ingest audio" Button
    t =    55.40s     Wait for com.dmkr.voro to idle
    t =    55.65s     Find the "Check ingest audio" Button
    t =    56.88s     Check for interrupting elements affecting "Check ingest audio" Button
    t =    57.76s         Wait for com.apple.springboard to idle
    t =    57.93s     Synthesize event
    t =    58.38s     Wait for com.dmkr.voro to idle
    t =    58.65s Waiting 60.0s for "ingest-audio-5-5" Button to exist
    t =    59.72s     Checking `Expect predicate `existsNoRetry == 1` for object "ingest-audio-5-5" Button`
    t =    59.73s         Checking existence of `"ingest-audio-5-5" Button`
    t =    60.07s         Capturing element debug description
    t =    60.69s     Checking `Expect predicate `existsNoRetry == 1` for object "ingest-audio-5-5" Button`
    t =    60.69s         Checking existence of `"ingest-audio-5-5" Button`
    t =    62.24s Added attachment named '02-five-native-audio-samples'
    t =    62.26s Tap Button (First Match)
    t =    62.26s     Wait for com.dmkr.voro to idle
    t =    62.31s     Find the Button (First Match)
    t =    63.26s     Check for interrupting elements affecting "Settings" Button
    t =    63.46s         Wait for com.apple.springboard to idle
    t =    63.55s     Synthesize event
    t =    63.95s     Wait for com.dmkr.voro to idle
    t =    64.04s Waiting 30.0s for Button (First Match) to exist
    t =    65.08s     Checking `Expect predicate `existsNoRetry == 1` for object Button (First Match)`
    t =    65.08s         Checking existence of `Button (First Match)`
    t =    66.42s Added attachment named '03-current-native-settings'
    t =    66.42s Tap Button (First Match)
    t =    66.43s     Wait for com.dmkr.voro to idle
    t =    66.43s     Find the Button (First Match)
    t =    66.67s     Check for interrupting elements affecting "Back to game" Button
    t =    66.89s         Wait for com.apple.springboard to idle
    t =    66.97s     Synthesize event
    t =    67.36s     Wait for com.dmkr.voro to idle
    t =    67.43s Waiting 30.0s for Button (First Match) to exist
    t =    68.48s     Checking `Expect predicate `existsNoRetry == 1` for object Button (First Match)`
    t =    68.48s         Checking existence of `Button (First Match)`
    t =    69.03s Tap Button (First Match)
    t =    69.03s     Wait for com.dmkr.voro to idle
    t =    69.13s     Find the Button (First Match)
    t =    69.88s     Check for interrupting elements affecting "Continue" Button
    t =    70.22s         Wait for com.apple.springboard to idle
    t =    70.28s     Synthesize event
    t =    70.67s     Wait for com.dmkr.voro to idle
    t =    70.82s Waiting 30.0s for "Pause" Button to exist
    t =    71.94s     Checking `Expect predicate `existsNoRetry == 1` for object "Pause" Button`
    t =    71.95s         Checking existence of `"Pause" Button`
    t =    73.71s Added attachment named '04-notice-during-play'
    t =    73.75s Tap "Pause" Button
    t =    73.75s     Wait for com.dmkr.voro to idle
    t =    73.77s     Find the "Pause" Button
    t =    74.60s     Check for interrupting elements affecting "Pause" Button
    t =    76.81s         Wait for com.apple.springboard to idle
    t =    76.90s     Synthesize event
    t =    77.26s     Wait for com.dmkr.voro to idle
    t =    77.27s Waiting 30.0s for "Continue" Button to exist
    t =    78.29s     Checking `Expect predicate `existsNoRetry == 1` for object "Continue" Button`
    t =    78.30s         Checking existence of `"Continue" Button`
    t =    80.20s Added attachment named '05-paused-again'
    t =    80.23s Tear Down
Test Case '-[StoreCapture.StoreCapture testPauseAndIngest]' passed (94.510 seconds).
Test Suite 'StoreCapture' passed at 2026-09-28 20:17:50.985.
	 Executed 1 test, with 0 failures (0 unexpected) in 94.510 (94.515) seconds
Test Suite 'StoreCapture.xctest' passed at 2026-09-28 20:17:50.987.
	 Executed 1 test, with 0 failures (0 unexpected) in 94.510 (94.517) seconds
Test Suite 'All tests' passed at 2026-09-28 20:17:50.987.
	 Executed 1 test, with 0 failures (0 unexpected) in 94.510 (94.519) seconds
2026-09-28 20:17:56.679 xcodebuild[7031:27421] [MT] IDETestOperationsObserverDebug: 166.322 elapsed -- Testing started completed.
2026-09-28 20:17:56.679 xcodebuild[7031:27421] [MT] IDETestOperationsObserverDebug: 0.000 sec, +0.000 sec -- start
2026-09-28 20:17:56.679 xcodebuild[7031:27421] [MT] IDETestOperationsObserverDebug: 166.322 sec, +166.322 sec -- end

Test session results, code coverage, and logs:
	/Users/runner/work/_temp/capture.xcresult

** TEST SUCCEEDED **

Testing started
